,variant_id,hamming_dist_DNA,hamming_dist_AA,variant_type,fragment,median_log10_freq,Selection coefficient,expected_effect,expected_phenotype
0,A409A,1,0,synonymous,F4,-4.850996775750275,,Not in the DMS,Not in the DMS
1,A409E,1,1,non-synonymous,F4,-4.307292296383439,,Not in the DMS,Not in the DMS
2,A409S,1,1,non-synonymous,F4,-4.237108720706501,,Not in the DMS,Not in the DMS
3,A409T,1,1,non-synonymous,F4,-3.166468760207903,,Not in the DMS,Not in the DMS
4,A409V,1,1,non-synonymous,F4,-3.997052168375484,,Not in the DMS,Not in the DMS
5,A430A,1,0,synonymous,F4,-5.128543040337618,,Not in the DMS,Not in the DMS
6,A430D,1,1,non-synonymous,F4,-4.433464711211694,,Not in the DMS,Not in the DMS
7,A430P,1,1,non-synonymous,F4,-4.879512012556933,,Not in the DMS,Not in the DMS
8,A430S,1,1,non-synonymous,F4,-4.166527646420793,,Not in the DMS,Not in the DMS
9,A430T,1,1,non-synonymous,F4,-3.174027775158,,Not in the DMS,Not in the DMS
10,A430V,1,1,non-synonymous,F4,-3.562440065473675,,Not in the DMS,Not in the DMS
11,A431A,1,0,synonymous,F4,-4.805300778714464,,Not in the DMS,Not in the DMS
12,A431E,1,1,non-synonymous,F4,-4.3642639725368575,,Not in the DMS,Not in the DMS
13,A431P,1,1,non-synonymous,F4,-4.827513044673637,,Not in the DMS,Not in the DMS
14,A431S,1,1,non-synonymous,F4,-4.033266756539327,,Not in the DMS,Not in the DMS
15,A431T,1,1,non-synonymous,F4,-3.5845101522156084,,Not in the DMS,Not in the DMS
16,A431V,1,1,non-synonymous,F4,-3.518664745398124,,Not in the DMS,Not in the DMS
17,A432A,1,0,synonymous,F4,-4.262951146222434,-0.0215300575632125,Neutral,Sensitive
18,A432D,1,1,non-synonymous,F4,-3.7320585572543377,0.0654331145611545,Beneficial,Resistant
19,A432G,1,1,non-synonymous,F4,-3.542847935186325,0.028102061577555,Neutral,Sensitive
20,A432P,1,1,non-synonymous,F4,-4.952451781281937,0.0986643402044379,Beneficial,Resistant
21,A432S,1,1,non-synonymous,F4,-4.291199954697738,0.0357040291001641,Beneficial,Resistant
22,A432T,1,1,non-synonymous,F4,-3.46837579004299,0.0723126538574114,Beneficial,Resistant
23,A432V,1,1,non-synonymous,F4,-3.6149238933125143,0.0832089579917337,Beneficial,Resistant
24,A434A,1,0,synonymous,F4,-4.192159624645118,-0.0194865553119258,Neutral,Sensitive
25,A434D,1,1,non-synonymous,F4,-4.353269272012078,0.0026913331466481,Neutral,Sensitive
26,A434P,1,1,non-synonymous,F4,-4.87999852576335,0.0687255381976215,Beneficial,Resistant
27,A434S,1,1,non-synonymous,F4,-4.251209280684115,0.0664100984282343,Beneficial,Resistant
28,A434T,1,1,non-synonymous,F4,-3.6217188803413887,0.0597293876785389,Beneficial,Resistant
29,A434V,1,1,non-synonymous,F4,-3.507365520995596,0.0466792086526989,Beneficial,Resistant
30,A476A,1,0,synonymous,F4,-4.754086762742219,0.0086309483709267,Neutral,Sensitive
31,A476E,1,1,non-synonymous,F4,-4.007495978939413,-0.286342998172623,Deleterious,Sensitive
32,A476G,1,1,non-synonymous,F4,-4.8642639725368575,0.0062009658957744,Neutral,Sensitive
33,A476S,1,1,non-synonymous,F4,-4.361864531095973,0.0403142020894872,Neutral,Sensitive
34,A476T,1,1,non-synonymous,F4,-3.7427449481937103,0.106029382139582,Beneficial,Resistant
35,A476V,1,1,non-synonymous,F4,-3.4604620095386656,-0.328440597719329,Deleterious,Sensitive
36,A516A,1,0,synonymous,F4,-4.614566465435008,,Not in the DMS,Not in the DMS
37,A516D,1,1,non-synonymous,F4,-4.370995342907544,,Not in the DMS,Not in the DMS
38,A516P,1,1,non-synonymous,F4,-4.776076163791779,,Not in the DMS,Not in the DMS
39,A516S,1,1,non-synonymous,F4,-4.28006307495572,,Not in the DMS,Not in the DMS
40,A516T,1,1,non-synonymous,F4,-3.0293197457824177,,Not in the DMS,Not in the DMS
41,A516V,1,1,non-synonymous,F4,-3.972055038951672,,Not in the DMS,Not in the DMS
42,C470*,1,1,stop,F4,-4.541644626813127,,Not in the DMS,Not in the DMS
43,C470C,1,0,synonymous,F4,-4.827513044673637,-0.0263922032911761,Neutral,Sensitive
44,C470F,1,1,non-synonymous,F4,-4.224696928843985,-0.123448659311017,Deleterious,Sensitive
45,C470G,1,1,non-synonymous,F4,-4.677522346945574,-0.373763217534273,Deleterious,Sensitive
46,C470S,1,1,non-synonymous,F4,-4.498069538953677,-0.420997723688603,Deleterious,Sensitive
47,C470W,1,1,non-synonymous,F4,-4.424382605215136,-0.37142547163098,Deleterious,Sensitive
48,C470Y,1,1,non-synonymous,F4,-4.389840233760548,-0.39118451561827,Deleterious,Sensitive
49,D417A,1,1,non-synonymous,F4,-4.552097097130858,,Not in the DMS,Not in the DMS
50,D417D,1,0,synonymous,F4,-5.166527646420794,,Not in the DMS,Not in the DMS
51,D417G,1,1,non-synonymous,F4,-4.640284905875937,,Not in the DMS,Not in the DMS
52,D417H,1,1,non-synonymous,F4,-4.952451781281937,,Not in the DMS,Not in the DMS
53,D417N,1,1,non-synonymous,F4,-4.952309602064698,,Not in the DMS,Not in the DMS
54,D417V,1,1,non-synonymous,F4,-4.817042644252783,,Not in the DMS,Not in the DMS
55,D417Y,1,1,non-synonymous,F4,-4.14564041880943,,Not in the DMS,Not in the DMS
56,D421A,1,1,non-synonymous,F4,-2.20126938056188,,Not in the DMS,Not in the DMS
57,D421E,1,1,non-synonymous,F4,-4.853755785218493,,Not in the DMS,Not in the DMS
58,D421G,1,1,non-synonymous,F4,-3.2743108051770253,,Not in the DMS,Not in the DMS
59,D421N,1,1,non-synonymous,F4,-4.975935512358575,,Not in the DMS,Not in the DMS
60,D421V,1,1,non-synonymous,F4,-2.8285633415765377,,Not in the DMS,Not in the DMS
61,D421Y,1,1,non-synonymous,F4,-3.9679576930745855,,Not in the DMS,Not in the DMS
62,D423E,1,1,non-synonymous,F4,-5.066740151354634,,Not in the DMS,Not in the DMS
63,D423G,1,1,non-synonymous,F4,-4.367770147018615,,Not in the DMS,Not in the DMS
64,D423V,1,1,non-synonymous,F4,-4.952309602064698,,Not in the DMS,Not in the DMS
65,D423Y,1,1,non-synonymous,F4,-4.018674092581975,,Not in the DMS,Not in the DMS
66,D428A,1,1,non-synonymous,F4,-4.739991715249724,,Not in the DMS,Not in the DMS
67,D428D,1,0,synonymous,F4,-5.00493726237165,,Not in the DMS,Not in the DMS
68,D428G,1,1,non-synonymous,F4,-4.640951385197102,,Not in the DMS,Not in the DMS
69,D428N,1,1,non-synonymous,F4,-4.989769908043947,,Not in the DMS,Not in the DMS
70,D428V,1,1,non-synonymous,F4,-4.850996775750275,,Not in the DMS,Not in the DMS
71,D428Y,1,1,non-synonymous,F4,-4.181915752383736,,Not in the DMS,Not in the DMS
72,D443D,1,0,synonymous,F4,-3.603105382418492,,Not in the DMS,Not in the DMS
73,D443G,1,1,non-synonymous,F4,-4.978694521826793,,Not in the DMS,Not in the DMS
74,D443N,1,1,non-synonymous,F4,-3.7126940775839934,,Not in the DMS,Not in the DMS
75,D443Y,1,1,non-synonymous,F4,-3.949953207705645,,Not in the DMS,Not in the DMS
76,D446A,1,1,non-synonymous,F4,-4.850996775750275,0.194419163460232,Beneficial,Resistant
77,D446N,1,1,non-synonymous,F4,-4.779582338273536,0.201766952529137,Beneficial,Resistant
78,D446Y,1,1,non-synonymous,F4,-4.417372369525993,0.175950926606952,Beneficial,Resistant
79,D496A,1,1,non-synonymous,F4,-4.990436387365112,,Not in the DMS,Not in the DMS
80,D496D,1,0,synonymous,F4,-3.246449748109808,,Not in the DMS,Not in the DMS
81,D496E,1,1,non-synonymous,F4,-4.5789685300993686,,Not in the DMS,Not in the DMS
82,D496G,1,1,non-synonymous,F4,-4.622459602070518,,Not in the DMS,Not in the DMS
83,D496H,1,1,non-synonymous,F4,-5.140284905875937,,Not in the DMS,Not in the DMS
84,D496N,1,1,non-synonymous,F4,-4.137445210715345,,Not in the DMS,Not in the DMS
85,D496Y,1,1,non-synonymous,F4,-4.21720628952659,,Not in the DMS,Not in the DMS
86,D502E,1,1,non-synonymous,F4,-4.668657963465358,,Not in the DMS,Not in the DMS
87,D502N,1,1,non-synonymous,F4,-4.768587637748755,,Not in the DMS,Not in the DMS
88,D502Y,1,1,non-synonymous,F4,-3.9298945961016543,,Not in the DMS,Not in the DMS
89,D504D,1,0,synonymous,F4,-4.362133655492293,-0.0549328996955342,Neutral,Sensitive
90,D504E,1,1,non-synonymous,F4,-4.296155416641421,-0.354675747793826,Deleterious,Sensitive
91,D504G,1,1,non-synonymous,F4,-4.95216742284746,-0.474280389287285,Deleterious,Sensitive
92,D504N,1,1,non-synonymous,F4,-4.1691890904139655,-0.323507266274836,Deleterious,Sensitive
93,D504Y,1,1,non-synonymous,F4,-3.920224104282035,-0.304320245126173,Deleterious,Sensitive
94,E391*,1,1,stop,F4,-4.239991715249724,,Not in the DMS,Not in the DMS
95,E391D,1,1,non-synonymous,F4,-4.457449505756221,,Not in the DMS,Not in the DMS
96,E391K,1,1,non-synonymous,F4,-5.00493726237165,,Not in the DMS,Not in the DMS
97,E391V,1,1,non-synonymous,F4,-5.00493726237165,,Not in the DMS,Not in the DMS
98,E413*,1,1,stop,F4,-3.800684558012412,,Not in the DMS,Not in the DMS
99,E413A,1,1,non-synonymous,F4,-4.87999852576335,,Not in the DMS,Not in the DMS
100,E413D,1,1,non-synonymous,F4,-4.108993913761855,,Not in the DMS,Not in the DMS
101,E413E,1,0,synonymous,F4,-5.00493726237165,,Not in the DMS,Not in the DMS
102,E413G,1,1,non-synonymous,F4,-4.6908702294245295,,Not in the DMS,Not in the DMS
103,E413K,1,1,non-synonymous,F4,-4.354903001221843,,Not in the DMS,Not in the DMS
104,E413Q,1,1,non-synonymous,F4,-5.154785780882475,,Not in the DMS,Not in the DMS
105,E413V,1,1,non-synonymous,F4,-4.714982652924822,,Not in the DMS,Not in the DMS
106,E420*,1,1,stop,F4,-4.239325235928558,,Not in the DMS,Not in the DMS
107,E420A,1,1,non-synonymous,F4,-4.725490840243186,,Not in the DMS,Not in the DMS
108,E420D,1,1,non-synonymous,F4,-4.15156683220693,,Not in the DMS,Not in the DMS
109,E420E,1,0,synonymous,F4,-4.916225153522643,,Not in the DMS,Not in the DMS
110,E420G,1,1,non-synonymous,F4,-4.125704662790584,,Not in the DMS,Not in the DMS
111,E420K,1,1,non-synonymous,F4,-4.95216742284746,,Not in the DMS,Not in the DMS
112,E420V,1,1,non-synonymous,F4,-4.853127092794839,,Not in the DMS,Not in the DMS
113,E444*,1,1,stop,F4,-4.111832480207701,,Not in the DMS,Not in the DMS
114,E444A,1,1,non-synonymous,F4,-5.140284905875937,,Not in the DMS,Not in the DMS
115,E444D,1,1,non-synonymous,F4,-4.000764608568726,,Not in the DMS,Not in the DMS
116,E444G,1,1,non-synonymous,F4,-3.978694521826793,,Not in the DMS,Not in the DMS
117,E444K,1,1,non-synonymous,F4,-4.952451781281937,,Not in the DMS,Not in the DMS
118,E444V,1,1,non-synonymous,F4,-4.501431087889893,,Not in the DMS,Not in the DMS
119,E473*,1,1,stop,F4,-3.708029365346741,,Not in the DMS,Not in the DMS
120,E473D,1,1,non-synonymous,F4,-4.070984934291149,-0.162485638566658,Deleterious,Sensitive
121,E473E,1,0,synonymous,F4,-4.689406391701131,0.025718286172014,Neutral,Sensitive
122,E473G,1,1,non-synonymous,F4,-4.927967019060962,0.115550664088751,Beneficial,Resistant
123,E473K,1,1,non-synonymous,F4,-4.5522392763480966,0.19313841049934,Beneficial,Resistant
124,E473V,1,1,non-synonymous,F4,-3.0292648118857066,0.190065085794797,Beneficial,Resistant
125,E514*,1,1,stop,F4,-3.796432671536821,,Not in the DMS,Not in the DMS
126,E514D,1,1,non-synonymous,F4,-4.850996775750275,,Not in the DMS,Not in the DMS
127,E514E,1,0,synonymous,F4,-4.108513177079671,,Not in the DMS,Not in the DMS
128,E514K,1,1,non-synonymous,F4,-3.961173985544914,,Not in the DMS,Not in the DMS
129,E517*,1,1,stop,F4,-3.926015040556943,,Not in the DMS,Not in the DMS
130,E517K,1,1,non-synonymous,F4,-4.438295240264576,,Not in the DMS,Not in the DMS
131,F380F,1,0,synonymous,F4,-4.381027935936993,0.0438691975750592,Neutral,Sensitive
132,F380I,1,1,non-synonymous,F4,-4.978552342609556,-0.321990493751651,Deleterious,Sensitive
133,F380L,1,1,non-synonymous,F4,-3.799664287188144,-0.151586109294588,Deleterious,Sensitive
134,F380S,1,1,non-synonymous,F4,-4.850996775750275,-0.476613700376052,Deleterious,Sensitive
135,F380V,1,1,non-synonymous,F4,-4.87999852576335,-0.248404112221025,Deleterious,Sensitive
136,F416C,1,1,non-synonymous,F4,-4.813536469771027,,Not in the DMS,Not in the DMS
137,F416F,1,0,synonymous,F4,-4.433464711211694,,Not in the DMS,Not in the DMS
138,F416I,1,1,non-synonymous,F4,-4.28858890097099,,Not in the DMS,Not in the DMS
139,F416S,1,1,non-synonymous,F4,-4.489769908043947,,Not in the DMS,Not in the DMS
140,F416V,1,1,non-synonymous,F4,-4.566740151354633,,Not in the DMS,Not in the DMS
141,F422C,1,1,non-synonymous,F4,-5.152026771414256,,Not in the DMS,Not in the DMS
142,F422F,1,0,synonymous,F4,-4.615052978641424,,Not in the DMS,Not in the DMS
143,F422I,1,1,non-synonymous,F4,-4.95216742284746,,Not in the DMS,Not in the DMS
144,F422S,1,1,non-synonymous,F4,-4.989769908043947,,Not in the DMS,Not in the DMS
145,F422V,1,1,non-synonymous,F4,-4.753339597728679,,Not in the DMS,Not in the DMS
146,F439F,1,0,synonymous,F4,-4.95216742284746,,Not in the DMS,Not in the DMS
147,F439I,1,1,non-synonymous,F4,-4.424603023796443,,Not in the DMS,Not in the DMS
148,F439L,1,1,non-synonymous,F4,-4.5789685300993686,,Not in the DMS,Not in the DMS
149,F439S,1,1,non-synonymous,F4,-4.850996775750275,,Not in the DMS,Not in the DMS
150,F439V,1,1,non-synonymous,F4,-4.669280879364781,,Not in the DMS,Not in the DMS
151,F439Y,1,1,non-synonymous,F4,-4.813536469771027,,Not in the DMS,Not in the DMS
152,F449C,1,1,non-synonymous,F4,-2.3934588523142946,0.204529143655001,Beneficial,Resistant
153,F449F,1,0,synonymous,F4,-3.6171866755276367,0.0558077713903385,Neutral,Sensitive
154,F449I,1,1,non-synonymous,F4,-2.55635204950591,0.181823212378235,Beneficial,Resistant
155,F449L,1,1,non-synonymous,F4,-2.9923776492964684,0.179905577583979,Beneficial,Resistant
156,F449S,1,1,non-synonymous,F4,-2.876098159576086,0.211001675325078,Beneficial,Resistant
157,F449V,1,1,non-synonymous,F4,-2.351997412170122,0.195276499767073,Beneficial,Resistant
158,F449Y,1,1,non-synonymous,F4,-3.041160166433515,0.155887753793475,Beneficial,Resistant
159,F463C,1,1,non-synonymous,F4,-4.347073804439503,-0.314456914448117,Deleterious,Sensitive
160,F463F,1,0,synonymous,F4,-3.907221970666837,0.010974589870085,Neutral,Sensitive
161,F463I,1,1,non-synonymous,F4,-3.6565109177665054,-0.0236831010698153,Neutral,Sensitive
162,F463L,1,1,non-synonymous,F4,-4.307292296383439,0.0677494494044016,Beneficial,Resistant
163,F463S,1,1,non-synonymous,F4,-4.38837639603715,-0.140499772794245,Deleterious,Sensitive
164,F463V,1,1,non-synonymous,F4,-3.5720983603530923,0.0621944672255425,Beneficial,Resistant
165,F463Y,1,1,non-synonymous,F4,-4.514778970368848,-0.337118557634372,Deleterious,Sensitive
166,F475C,1,1,non-synonymous,F4,-4.167071194241401,-0.0325962133799733,Deleterious,Sensitive
167,F475F,1,0,synonymous,F4,-3.720663007255269,0.0123631077878343,Neutral,Sensitive
168,F475I,1,1,non-synonymous,F4,-4.651421785617956,-0.348927195150019,Deleterious,Sensitive
169,F475L,1,1,non-synonymous,F4,-4.195042883227453,-0.108065017471636,Deleterious,Sensitive
170,F475S,1,1,non-synonymous,F4,-4.615195157858662,-0.219252226276926,Deleterious,Sensitive
171,F475Y,1,1,non-synonymous,F4,-4.328518081459748,-0.252782216803698,Deleterious,Sensitive
172,F487C,1,1,non-synonymous,F4,-3.91174773219618,,Not in the DMS,Not in the DMS
173,F487F,1,0,synonymous,F4,-4.813536469771027,,Not in the DMS,Not in the DMS
174,F487I,1,1,non-synonymous,F4,-4.901724278516106,,Not in the DMS,Not in the DMS
175,F487L,1,1,non-synonymous,F4,-4.072845525366631,,Not in the DMS,Not in the DMS
176,F487V,1,1,non-synonymous,F4,-4.952309602064698,,Not in the DMS,Not in the DMS
177,F487Y,1,1,non-synonymous,F4,-4.828037344777565,,Not in the DMS,Not in the DMS
178,G399*,1,1,stop,F4,-4.089239643120019,,Not in the DMS,Not in the DMS
179,G399E,1,1,non-synonymous,F4,-5.040355231592539,,Not in the DMS,Not in the DMS
180,G399G,1,0,synonymous,F4,-4.0522392763480966,,Not in the DMS,Not in the DMS
181,G399R,1,1,non-synonymous,F4,-4.618072639916765,,Not in the DMS,Not in the DMS
182,G399V,1,1,non-synonymous,F4,-4.313536469771027,,Not in the DMS,Not in the DMS
183,G407C,1,1,non-synonymous,F4,-3.5418061656995024,0.144824681875002,Beneficial,Resistant
184,G407D,1,1,non-synonymous,F4,-2.639419146765751,0.154835123375379,Beneficial,Resistant
185,G407G,1,0,synonymous,F4,-4.195622715991072,0.0339059277882234,Neutral,Sensitive
186,G407S,1,1,non-synonymous,F4,-3.08026517600434,0.140049332124665,Beneficial,Resistant
187,G407V,1,1,non-synonymous,F4,-4.362133655492293,0.17912805749543,Beneficial,Resistant
188,G448C,1,1,non-synonymous,F4,-4.120930686223911,0.189994236700604,Beneficial,Resistant
189,G448D,1,1,non-synonymous,F4,-2.3973936327693925,0.197550385296033,Beneficial,Resistant
190,G448G,1,0,synonymous,F4,-4.310656291647959,0.0177413607078458,Neutral,Sensitive
191,G448S,1,1,non-synonymous,F4,-3.7297670907050215,0.221168856087862,Beneficial,Resistant
192,G448V,1,1,non-synonymous,F4,-4.416705890204828,0.189673885001034,Beneficial,Resistant
193,G450E,1,1,non-synonymous,F4,-2.2485547567501776,0.186076817446119,Beneficial,Resistant
194,G450G,1,0,synonymous,F4,-4.324673349513045,-0.0082887277187195,Neutral,Sensitive
195,G450R,1,1,non-synonymous,F4,-2.0754645968541983,0.172989678259578,Beneficial,Resistant
196,G450V,1,1,non-synonymous,F4,-4.18254444480739,0.197680934454098,Beneficial,Resistant
197,G450W,1,1,non-synonymous,F4,-3.8921661332925694,0.141221339064451,Beneficial,Resistant
198,G455C,1,1,non-synonymous,F4,-4.328179523994803,,Not in the DMS,Not in the DMS
199,G455D,1,1,non-synonymous,F4,-5.0522392763480966,,Not in the DMS,Not in the DMS
200,G455G,1,0,synonymous,F4,-4.174301848511851,,Not in the DMS,Not in the DMS
201,G455S,1,1,non-synonymous,F4,-4.901582099298867,,Not in the DMS,Not in the DMS
202,G455V,1,1,non-synonymous,F4,-4.813536469771027,,Not in the DMS,Not in the DMS
203,G464C,1,1,non-synonymous,F4,-4.337521948092237,-0.0935107710769378,Deleterious,Sensitive
204,G464D,1,1,non-synonymous,F4,-4.433464711211694,-0.193093085014278,Deleterious,Sensitive
205,G464G,1,0,synonymous,F4,-4.332572929432965,0.0084138622021107,Neutral,Sensitive
206,G464R,1,1,non-synonymous,F4,-5.00493726237165,-0.321148556273979,Deleterious,Sensitive
207,G464S,1,1,non-synonymous,F4,-1.7376765599977828,0.323453642393857,Beneficial,Resistant
208,G464V,1,1,non-synonymous,F4,-4.581093070619701,0.233407049980591,Beneficial,Resistant
209,G465C,1,1,non-synonymous,F4,-4.041988960802305,0.214296853765925,Beneficial,Resistant
210,G465D,1,1,non-synonymous,F4,-3.8507151208247214,0.151386462733703,Beneficial,Resistant
211,G465G,1,0,synonymous,F4,-2.5745411322413854,0.034974202937187,Neutral,Sensitive
212,G465S,1,1,non-synonymous,F4,-4.636960477077055,0.245533167779479,Beneficial,Resistant
213,G465V,1,1,non-synonymous,F4,-4.569351205081382,0.223872574727368,Beneficial,Resistant
214,G466A,1,1,non-synonymous,F4,-4.95216742284746,0.179543408226016,Beneficial,Resistant
215,G466C,1,1,non-synonymous,F4,-3.9663760495214806,0.152609322430496,Beneficial,Resistant
216,G466D,1,1,non-synonymous,F4,-3.262709670266549,0.137814405903732,Beneficial,Resistant
217,G466G,1,0,synonymous,F4,-4.369143891181436,0.0002156870634504,Neutral,Sensitive
218,G466S,1,1,non-synonymous,F4,-2.7554624135508297,0.166934646463059,Beneficial,Resistant
219,G466V,1,1,non-synonymous,F4,-4.388107271640831,0.0266383225272314,Neutral,Sensitive
220,G472A,1,1,non-synonymous,F4,-5.154785780882475,-0.204216366229692,Deleterious,Sensitive
221,G472C,1,1,non-synonymous,F4,-3.935597724321224,-0.270568766310444,Deleterious,Sensitive
222,G472D,1,1,non-synonymous,F4,-4.629209519658783,-0.377907696322993,Deleterious,Sensitive
223,G472G,1,0,synonymous,F4,-4.040355231592539,0.0067184145810814,Neutral,Sensitive
224,G472S,1,1,non-synonymous,F4,-4.674905516694594,-0.329281241283722,Deleterious,Sensitive
225,G472V,1,1,non-synonymous,F4,-4.556003322602427,-0.303005476732804,Deleterious,Sensitive
226,G481*,1,1,stop,F4,-4.702754274180087,,Not in the DMS,Not in the DMS
227,G481E,1,1,non-synonymous,F4,-4.527007349113584,-0.0619933987821596,Deleterious,Sensitive
228,G481G,1,0,synonymous,F4,-4.512648653324284,0.0338333221281457,Neutral,Sensitive
229,G481R,1,1,non-synonymous,F4,-4.452309602064698,0.0545619241183392,Beneficial,Resistant
230,G481V,1,1,non-synonymous,F4,-3.950179285020134,-0.12198032590848,Deleterious,Sensitive
231,G497E,1,1,non-synonymous,F4,-3.9417149525297295,,Not in the DMS,Not in the DMS
232,G497G,1,0,synonymous,F4,-4.307292296383439,,Not in the DMS,Not in the DMS
233,G497R,1,1,non-synonymous,F4,-4.063114708404869,,Not in the DMS,Not in the DMS
234,G497V,1,1,non-synonymous,F4,-4.052639327337907,,Not in the DMS,Not in the DMS
235,G497W,1,1,non-synonymous,F4,-3.715241142712373,,Not in the DMS,Not in the DMS
236,H373H,1,0,synonymous,F4,-4.094498815279549,-0.0146286030446334,Neutral,Sensitive
237,H373L,1,1,non-synonymous,F4,-4.7026120949628485,-0.470978024499236,Deleterious,Sensitive
238,H373Q,1,1,non-synonymous,F4,-4.501431087889893,-0.150772795901838,Deleterious,Sensitive
239,H373R,1,1,non-synonymous,F4,-4.427967019060962,-0.487470849590153,Deleterious,Sensitive
240,H377H,1,0,synonymous,F4,-3.978645662166759,0.0274198422506227,Neutral,Sensitive
241,H377L,1,1,non-synonymous,F4,-4.87999852576335,-0.582878499445856,Deleterious,Sensitive
242,H377N,1,1,non-synonymous,F4,-4.476422025564991,-0.421916692493973,Deleterious,Sensitive
243,H377P,1,1,non-synonymous,F4,-4.666527646420794,-0.559599354881569,Deleterious,Sensitive
244,H377Q,1,1,non-synonymous,F4,-4.420618558960806,-0.303737680251949,Deleterious,Sensitive
245,H377R,1,1,non-synonymous,F4,-4.952451781281937,-0.619515796290282,Deleterious,Sensitive
246,H377Y,1,1,non-synonymous,F4,-4.328660260676987,-0.450848344297903,Deleterious,Sensitive
247,H400H,1,0,synonymous,F4,-4.399922216381693,,Not in the DMS,Not in the DMS
248,H400L,1,1,non-synonymous,F4,-5.152026771414256,,Not in the DMS,Not in the DMS
249,H400N,1,1,non-synonymous,F4,-4.490436387365112,,Not in the DMS,Not in the DMS
250,H400Q,1,1,non-synonymous,F4,-4.805300778714464,,Not in the DMS,Not in the DMS
251,H400Y,1,1,non-synonymous,F4,-4.401724278516106,,Not in the DMS,Not in the DMS
252,H410H,1,0,synonymous,F4,-4.060961480611073,-0.0251758050809165,Neutral,Sensitive
253,H410L,1,1,non-synonymous,F4,-4.95216742284746,0.0595951906496044,Beneficial,Resistant
254,H410N,1,1,non-synonymous,F4,-4.516012648588803,0.12238907197958,Beneficial,Resistant
255,H410Q,1,1,non-synonymous,F4,-4.512506474107045,-0.0827624421865543,Deleterious,Sensitive
256,H410R,1,1,non-synonymous,F4,-4.853269272012078,-0.268163319777569,Deleterious,Sensitive
257,H410Y,1,1,non-synonymous,F4,-3.9025516672488223,0.162449486081702,Beneficial,Resistant
258,H468H,1,0,synonymous,F4,-3.301768450525299,0.0282294861578733,Neutral,Sensitive
259,H468N,1,1,non-synonymous,F4,-3.900101751109532,0.0426989120299732,Beneficial,Resistant
260,H468P,1,1,non-synonymous,F4,-4.40727067648185,-0.283537064305104,Deleterious,Sensitive
261,H468Q,1,1,non-synonymous,F4,-3.625704662790585,0.0186949897707571,Neutral,Sensitive
262,H468R,1,1,non-synonymous,F4,-5.052097097130858,0.154879663740265,Beneficial,Resistant
263,H468Y,1,1,non-synonymous,F4,-4.262347478039692,-0.31038048312023,Deleterious,Sensitive
264,I379I,1,0,synonymous,F4,-5.128543040337618,0.0367733675069883,Neutral,Sensitive
265,I379L,1,1,non-synonymous,F4,-4.813536469771027,0.224818073082126,Beneficial,Resistant
266,I389F,1,1,non-synonymous,F4,-4.9160829743054055,,Not in the DMS,Not in the DMS
267,I389I,1,0,synonymous,F4,-4.164357877584399,,Not in the DMS,Not in the DMS
268,I389L,1,1,non-synonymous,F4,-3.772355063844734,,Not in the DMS,Not in the DMS
269,I389V,1,1,non-synonymous,F4,-4.669280879364781,,Not in the DMS,Not in the DMS
270,I395F,1,1,non-synonymous,F4,-4.850996775750275,,Not in the DMS,Not in the DMS
271,I395I,1,0,synonymous,F4,-3.8551472977372754,,Not in the DMS,Not in the DMS
272,I395L,1,1,non-synonymous,F4,-4.978694521826793,,Not in the DMS,Not in the DMS
273,I395T,1,1,non-synonymous,F4,-5.066597972137396,,Not in the DMS,Not in the DMS
274,I395V,1,1,non-synonymous,F4,-4.651279606400717,,Not in the DMS,Not in the DMS
275,I471I,1,0,synonymous,F4,-4.159839222357393,0.0095203341172348,Neutral,Sensitive
276,I471K,1,1,non-synonymous,F4,-4.683781754371317,-0.249280969293789,Deleterious,Sensitive
277,I471L,1,1,non-synonymous,F4,-4.6801334006723225,-0.0800407996903201,Deleterious,Sensitive
278,I471M,1,1,non-synonymous,F4,-3.802941820236058,0.25130886369753,Beneficial,Resistant
279,I471R,1,1,non-synonymous,F4,-4.717255149186624,-0.259920329774942,Deleterious,Sensitive
280,I471V,1,1,non-synonymous,F4,-4.251209280684115,0.106700021964064,Beneficial,Resistant
281,I483K,1,1,non-synonymous,F4,-4.683781754371317,-0.337390711927519,Deleterious,Sensitive
282,I483L,1,1,non-synonymous,F4,-4.9160829743054055,0.0308781699275986,Neutral,Sensitive
283,I483M,1,1,non-synonymous,F4,-4.813536469771027,-0.170164433565322,Deleterious,Sensitive
284,I483R,1,1,non-synonymous,F4,-4.15156683220693,-0.42327709433255,Deleterious,Sensitive
285,I483T,1,1,non-synonymous,F4,-4.027630265013006,-0.348726393453312,Deleterious,Sensitive
286,I483V,1,1,non-synonymous,F4,-4.264287551867797,-0.274749807999308,Deleterious,Sensitive
287,I495I,1,0,synonymous,F4,-3.932353981214715,,Not in the DMS,Not in the DMS
288,I495N,1,1,non-synonymous,F4,-4.867770147018614,,Not in the DMS,Not in the DMS
289,I495T,1,1,non-synonymous,F4,-5.052097097130858,,Not in the DMS,Not in the DMS
290,I495V,1,1,non-synonymous,F4,-4.801794604232708,,Not in the DMS,Not in the DMS
291,I518I,1,0,synonymous,F4,-5.152026771414256,,Not in the DMS,Not in the DMS
292,I518K,1,1,non-synonymous,F4,-4.952309602064698,,Not in the DMS,Not in the DMS
293,I518M,1,1,non-synonymous,F4,-5.152026771414256,,Not in the DMS,Not in the DMS
294,I518V,1,1,non-synonymous,F4,-4.30748318141569,,Not in the DMS,Not in the DMS
295,I519I,1,0,synonymous,F4,-4.776076163791779,,Not in the DMS,Not in the DMS
296,I519N,1,1,non-synonymous,F4,-4.850996775750275,,Not in the DMS,Not in the DMS
297,K382I,1,1,non-synonymous,F4,-4.87999852576335,-0.368509608319747,Deleterious,Sensitive
298,K382K,1,0,synonymous,F4,-4.890506713081715,-0.0419256852741133,Neutral,Sensitive
299,K382N,1,1,non-synonymous,F4,-4.827513044673637,-0.0123523061667956,Neutral,Sensitive
300,K382T,1,1,non-synonymous,F4,-4.95216742284746,-0.114475003845726,Deleterious,Sensitive
301,K398*,1,1,stop,F4,-5.0522392763480966,,Not in the DMS,Not in the DMS
302,K398I,1,1,non-synonymous,F4,-4.78006307495572,,Not in the DMS,Not in the DMS
303,K398K,1,0,synonymous,F4,-3.508348567443325,,Not in the DMS,Not in the DMS
304,K398N,1,1,non-synonymous,F4,-4.282949713379703,,Not in the DMS,Not in the DMS
305,K398Q,1,1,non-synonymous,F4,-4.817042644252784,,Not in the DMS,Not in the DMS
306,K398R,1,1,non-synonymous,F4,-4.20714123633384,,Not in the DMS,Not in the DMS
307,K398T,1,1,non-synonymous,F4,-4.95216742284746,,Not in the DMS,Not in the DMS
308,K433*,1,1,stop,F4,-4.666527646420794,,Not in the DMS,Not in the DMS
309,K433E,1,1,non-synonymous,F4,-4.853269272012078,,Not in the DMS,Not in the DMS
310,K433I,1,1,non-synonymous,F4,-4.95216742284746,,Not in the DMS,Not in the DMS
311,K433K,1,0,synonymous,F4,-4.7423448972039,,Not in the DMS,Not in the DMS
312,K433N,1,1,non-synonymous,F4,-4.133454302595299,,Not in the DMS,Not in the DMS
313,K433Q,1,1,non-synonymous,F4,-4.541644626813127,,Not in the DMS,Not in the DMS
314,K433T,1,1,non-synonymous,F4,-5.066740151354634,,Not in the DMS,Not in the DMS
315,K451E,1,1,non-synonymous,F4,-4.776076163791779,,Not in the DMS,Not in the DMS
316,K451I,1,1,non-synonymous,F4,-3.1531112318283547,,Not in the DMS,Not in the DMS
317,K451K,1,0,synonymous,F4,-4.8760058380751765,,Not in the DMS,Not in the DMS
318,K451N,1,1,non-synonymous,F4,-4.783088512755293,,Not in the DMS,Not in the DMS
319,K451R,1,1,non-synonymous,F4,-4.827513044673637,,Not in the DMS,Not in the DMS
320,K454*,1,1,stop,F4,-4.975935512358575,,Not in the DMS,Not in the DMS
321,K454E,1,1,non-synonymous,F4,-4.144806839125699,,Not in the DMS,Not in the DMS
322,K454I,1,1,non-synonymous,F4,-4.433464711211694,,Not in the DMS,Not in the DMS
323,K454K,1,0,synonymous,F4,-3.304721635778181,,Not in the DMS,Not in the DMS
324,K454N,1,1,non-synonymous,F4,-3.494306946799981,,Not in the DMS,Not in the DMS
325,K454Q,1,1,non-synonymous,F4,-3.786120359515412,,Not in the DMS,Not in the DMS
326,K454R,1,1,non-synonymous,F4,-4.549966780086294,,Not in the DMS,Not in the DMS
327,K454T,1,1,non-synonymous,F4,-4.779582338273536,,Not in the DMS,Not in the DMS
328,K499E,1,1,non-synonymous,F4,-3.995546172703636,,Not in the DMS,Not in the DMS
329,K499I,1,1,non-synonymous,F4,-4.916225153522643,,Not in the DMS,Not in the DMS
330,K499K,1,0,synonymous,F4,-4.95216742284746,,Not in the DMS,Not in the DMS
331,K499N,1,1,non-synonymous,F4,-4.281098261653595,,Not in the DMS,Not in the DMS
332,K499R,1,1,non-synonymous,F4,-4.500764608568726,,Not in the DMS,Not in the DMS
333,K499T,1,1,non-synonymous,F4,-4.276218343009017,,Not in the DMS,Not in the DMS
334,L376I,1,1,non-synonymous,F4,-4.106330774378446,0.142902644409527,Beneficial,Resistant
335,L376L,1,0,synonymous,F4,-4.1138422111707,-0.0129990973839501,Neutral,Sensitive
336,L376P,1,1,non-synonymous,F4,-4.382751758707337,-0.180312847145943,Deleterious,Sensitive
337,L376V,1,1,non-synonymous,F4,-4.754086762742219,-0.0650161773539366,Deleterious,Sensitive
338,L387F,1,1,non-synonymous,F4,-4.253339597728679,,Not in the DMS,Not in the DMS
339,L387H,1,1,non-synonymous,F4,-5.128543040337618,,Not in the DMS,Not in the DMS
340,L387I,1,1,non-synonymous,F4,-4.376492351281593,,Not in the DMS,Not in the DMS
341,L387L,1,0,synonymous,F4,-5.152026771414256,,Not in the DMS,Not in the DMS
342,L387P,1,1,non-synonymous,F4,-5.128543040337618,,Not in the DMS,Not in the DMS
343,L387R,1,1,non-synonymous,F4,-4.663021471939036,,Not in the DMS,Not in the DMS
344,L403F,1,1,non-synonymous,F4,-4.228251167324962,0.0434488682060658,Beneficial,Resistant
345,L403H,1,1,non-synonymous,F4,-4.328518081459748,0.0412877172540209,Beneficial,Resistant
346,L403I,1,1,non-synonymous,F4,-3.81792343192478,-0.160656432451085,Deleterious,Sensitive
347,L403L,1,0,synonymous,F4,-4.369810370502602,0.0031125751751679,Neutral,Sensitive
348,L403P,1,1,non-synonymous,F4,-4.813678648988265,-0.44128027488239,Deleterious,Sensitive
349,L403R,1,1,non-synonymous,F4,-4.952451781281937,-0.470150673908157,Deleterious,Sensitive
350,L461F,1,1,non-synonymous,F4,-4.325780082553918,0.188415039547083,Beneficial,Resistant
351,L461H,1,1,non-synonymous,F4,-4.526483049009656,0.218603297844988,Beneficial,Resistant
352,L461I,1,1,non-synonymous,F4,-4.018285144850605,0.104708357905014,Beneficial,Resistant
353,L461L,1,0,synonymous,F4,-4.440665831933087,0.0268026269811582,Neutral,Sensitive
354,L461P,1,1,non-synonymous,F4,-4.850996775750275,0.0428528696754946,Neutral,Sensitive
355,L461V,1,1,non-synonymous,F4,-2.009561238355341,0.207000464879793,Beneficial,Resistant
356,L480L,1,0,synonymous,F4,-4.186906229009819,-0.0115300718919649,Neutral,Sensitive
357,L480M,1,1,non-synonymous,F4,-4.135575058061244,0.0740821858831535,Beneficial,Resistant
358,L480P,1,1,non-synonymous,F4,-4.435119433967343,-0.579821168340094,Deleterious,Sensitive
359,L480Q,1,1,non-synonymous,F4,-4.554227414175423,-0.317046771755304,Deleterious,Sensitive
360,L480R,1,1,non-synonymous,F4,-4.695523619909636,-0.592619150822542,Deleterious,Sensitive
361,L484*,1,1,stop,F4,-5.00493726237165,,Not in the DMS,Not in the DMS
362,L484F,1,1,non-synonymous,F4,-4.73060303166558,-0.12122548455193,Deleterious,Sensitive
363,L484I,1,1,non-synonymous,F4,-4.677522346945574,-0.171266386977607,Deleterious,Sensitive
364,L484L,1,0,synonymous,F4,-4.317442695242596,-0.0120934587312533,Neutral,Sensitive
365,L484V,1,1,non-synonymous,F4,-5.00493726237165,-0.098458765881234,Deleterious,Sensitive
366,L491*,1,1,stop,F4,-4.865497650756812,,Not in the DMS,Not in the DMS
367,L491F,1,1,non-synonymous,F4,-4.126937023396981,,Not in the DMS,Not in the DMS
368,L491L,1,0,synonymous,F4,-4.779582338273536,,Not in the DMS,Not in the DMS
369,L491M,1,1,non-synonymous,F4,-4.600694282852125,,Not in the DMS,Not in the DMS
370,L491S,1,1,non-synonymous,F4,-4.593463628581675,,Not in the DMS,Not in the DMS
371,L511I,1,1,non-synonymous,F4,-3.8097336690588097,-0.204626141305359,Deleterious,Sensitive
372,L511L,1,0,synonymous,F4,-4.427967019060962,0.0032186413927865,Neutral,Sensitive
373,L511P,1,1,non-synonymous,F4,-4.828037344777565,0.0317076097803379,Neutral,Sensitive
374,L511Q,1,1,non-synonymous,F4,-4.651279606400717,0.097709651898731,Beneficial,Resistant
375,M374I,1,1,non-synonymous,F4,-4.328518081459748,0.064474077940172,Beneficial,Resistant
376,M374L,1,1,non-synonymous,F4,-4.717255149186624,-0.0401878344484392,Deleterious,Sensitive
377,M374T,1,1,non-synonymous,F4,-5.066597972137396,0.16985364761884,Beneficial,Resistant
378,M374V,1,1,non-synonymous,F4,-4.469073565464834,0.143781649777457,Beneficial,Resistant
379,M508I,1,1,non-synonymous,F4,-4.182495738992378,-0.272868241048586,Deleterious,Sensitive
380,M508K,1,1,non-synonymous,F4,-4.139444951236856,-0.46450792421803,Deleterious,Sensitive
381,M508R,1,1,non-synonymous,F4,-4.952309602064698,-0.331920208070177,Deleterious,Sensitive
382,M508T,1,1,non-synonymous,F4,-4.952309602064698,-0.454480355151996,Deleterious,Sensitive
383,M508V,1,1,non-synonymous,F4,-4.754086762742219,-0.502959219357622,Deleterious,Sensitive
384,N385D,1,1,non-synonymous,F4,-4.978694521826793,,Not in the DMS,Not in the DMS
385,N385H,1,1,non-synonymous,F4,-4.339921389533122,,Not in the DMS,Not in the DMS
386,N385I,1,1,non-synonymous,F4,-4.622459602070518,,Not in the DMS,Not in the DMS
387,N385K,1,1,non-synonymous,F4,-4.424603023796443,,Not in the DMS,Not in the DMS
388,N385N,1,0,synonymous,F4,-4.108851734544617,,Not in the DMS,Not in the DMS
389,N385S,1,1,non-synonymous,F4,-4.094307930247298,,Not in the DMS,Not in the DMS
390,N385T,1,1,non-synonymous,F4,-4.728997014724944,,Not in the DMS,Not in the DMS
391,N393D,1,1,non-synonymous,F4,-4.952309602064698,,Not in the DMS,Not in the DMS
392,N393H,1,1,non-synonymous,F4,-4.6441911313475055,,Not in the DMS,Not in the DMS
393,N393I,1,1,non-synonymous,F4,-4.702754274180087,,Not in the DMS,Not in the DMS
394,N393K,1,1,non-synonymous,F4,-4.600552103634886,,Not in the DMS,Not in the DMS
395,N393N,1,0,synonymous,F4,-4.256564793617608,,Not in the DMS,Not in the DMS
396,N393S,1,1,non-synonymous,F4,-5.040355231592539,,Not in the DMS,Not in the DMS
397,N393T,1,1,non-synonymous,F4,-4.776076163791779,,Not in the DMS,Not in the DMS
398,N393Y,1,1,non-synonymous,F4,-4.801794604232708,,Not in the DMS,Not in the DMS
399,N418D,1,1,non-synonymous,F4,-4.40727067648185,,Not in the DMS,Not in the DMS
400,N418H,1,1,non-synonymous,F4,-4.249039511847721,,Not in the DMS,Not in the DMS
401,N418I,1,1,non-synonymous,F4,-4.828179523994803,,Not in the DMS,Not in the DMS
402,N418K,1,1,non-synonymous,F4,-4.29518686586168,,Not in the DMS,Not in the DMS
403,N418N,1,0,synonymous,F4,-4.325780082553918,,Not in the DMS,Not in the DMS
404,N418S,1,1,non-synonymous,F4,-4.239325235928558,,Not in the DMS,Not in the DMS
405,N418T,1,1,non-synonymous,F4,-5.0522392763480966,,Not in the DMS,Not in the DMS
406,N418Y,1,1,non-synonymous,F4,-4.754086762742219,,Not in the DMS,Not in the DMS
407,N435H,1,1,non-synonymous,F4,-3.3714412306226365,,Not in the DMS,Not in the DMS
408,N435I,1,1,non-synonymous,F4,-4.8642639725368575,,Not in the DMS,Not in the DMS
409,N435K,1,1,non-synonymous,F4,-5.066740151354634,,Not in the DMS,Not in the DMS
410,N435Y,1,1,non-synonymous,F4,-4.578482016892953,,Not in the DMS,Not in the DMS
411,N440D,1,1,non-synonymous,F4,-4.602824599896689,,Not in the DMS,Not in the DMS
412,N440K,1,1,non-synonymous,F4,-4.453456818068048,,Not in the DMS,Not in the DMS
413,N440N,1,0,synonymous,F4,-4.350249610736736,,Not in the DMS,Not in the DMS
414,N440S,1,1,non-synonymous,F4,-4.952309602064698,,Not in the DMS,Not in the DMS
415,N490D,1,1,non-synonymous,F4,-4.790799903707928,,Not in the DMS,Not in the DMS
416,N490K,1,1,non-synonymous,F4,-4.40727067648185,,Not in the DMS,Not in the DMS
417,N490N,1,0,synonymous,F4,-4.527816007651987,,Not in the DMS,Not in the DMS
418,N490S,1,1,non-synonymous,F4,-4.420618558960806,,Not in the DMS,Not in the DMS
419,N490T,1,1,non-synonymous,F4,-3.940826339622047,,Not in the DMS,Not in the DMS
420,P375A,1,1,non-synonymous,F4,-5.154785780882475,-0.134057023188215,Deleterious,Sensitive
421,P375H,1,1,non-synonymous,F4,-2.0974337621995662,0.146209304897756,Beneficial,Resistant
422,P375L,1,1,non-synonymous,F4,-2.023807450029345,0.247827434366868,Beneficial,Resistant
423,P375P,1,0,synonymous,F4,-4.3808857567197546,0.016918642930212,Neutral,Sensitive
424,P375S,1,1,non-synonymous,F4,-3.387601669406144,-0.168446645973749,Deleterious,Sensitive
425,P375T,1,1,non-synonymous,F4,-4.18027557988956,0.317443935184407,Beneficial,Resistant
426,P386A,1,1,non-synonymous,F4,-5.066740151354634,,Not in the DMS,Not in the DMS
427,P386L,1,1,non-synonymous,F4,-4.418836207249392,,Not in the DMS,Not in the DMS
428,P386P,1,0,synonymous,F4,-4.889840233760548,,Not in the DMS,Not in the DMS
429,P386Q,1,1,non-synonymous,F4,-3.897957069567477,,Not in the DMS,Not in the DMS
430,P386S,1,1,non-synonymous,F4,-4.06611145893098,,Not in the DMS,Not in the DMS
431,P386T,1,1,non-synonymous,F4,-3.6533788912701377,,Not in the DMS,Not in the DMS
432,P390H,1,1,non-synonymous,F4,-3.6583243959852334,,Not in the DMS,Not in the DMS
433,P390L,1,1,non-synonymous,F4,-4.186764049792581,,Not in the DMS,Not in the DMS
434,P390P,1,0,synonymous,F4,-4.343018956466286,,Not in the DMS,Not in the DMS
435,P390S,1,1,non-synonymous,F4,-4.125584076709019,,Not in the DMS,Not in the DMS
436,P390T,1,1,non-synonymous,F4,-3.893564981742872,,Not in the DMS,Not in the DMS
437,P397L,1,1,non-synonymous,F4,-4.347073804439503,,Not in the DMS,Not in the DMS
438,P397P,1,0,synonymous,F4,-4.061103659828312,,Not in the DMS,Not in the DMS
439,P397Q,1,1,non-synonymous,F4,-3.9473395898595434,,Not in the DMS,Not in the DMS
440,P397S,1,1,non-synonymous,F4,-4.213892471535663,,Not in the DMS,Not in the DMS
441,P397T,1,1,non-synonymous,F4,-3.882751758707336,,Not in the DMS,Not in the DMS
442,P406L,1,1,non-synonymous,F4,-3.895386631726292,-0.0134449645968282,Neutral,Sensitive
443,P406P,1,0,synonymous,F4,-4.123430848915223,-0.0047671827587019,Neutral,Sensitive
444,P406Q,1,1,non-synonymous,F4,-3.943841638230321,0.108136510649921,Beneficial,Resistant
445,P406S,1,1,non-synonymous,F4,-4.254973326938446,0.060851126873614,Beneficial,Resistant
446,P406T,1,1,non-synonymous,F4,-3.8860730248119193,0.141392777269436,Beneficial,Resistant
447,P419L,1,1,non-synonymous,F4,-4.093870122855895,,Not in the DMS,Not in the DMS
448,P419P,1,0,synonymous,F4,-4.084118508419274,,Not in the DMS,Not in the DMS
449,P419Q,1,1,non-synonymous,F4,-3.885012400772631,,Not in the DMS,Not in the DMS
450,P419S,1,1,non-synonymous,F4,-4.382751758707337,,Not in the DMS,Not in the DMS
451,P419T,1,1,non-synonymous,F4,-4.041988960802305,,Not in the DMS,Not in the DMS
452,P424A,1,1,non-synonymous,F4,-4.754086762742219,,Not in the DMS,Not in the DMS
453,P424H,1,1,non-synonymous,F4,-3.986536886919331,,Not in the DMS,Not in the DMS
454,P424L,1,1,non-synonymous,F4,-4.4433551250239045,,Not in the DMS,Not in the DMS
455,P424P,1,0,synonymous,F4,-4.283445000323361,,Not in the DMS,Not in the DMS
456,P424S,1,1,non-synonymous,F4,-4.244871633894302,,Not in the DMS,Not in the DMS
457,P424T,1,1,non-synonymous,F4,-3.821165110538562,,Not in the DMS,Not in the DMS
458,P459L,1,1,non-synonymous,F4,-4.487072392100593,0.204866270588782,Beneficial,Resistant
459,P459P,1,0,synonymous,F4,-4.87999852576335,0.008117302405745,Neutral,Sensitive
460,P459Q,1,1,non-synonymous,F4,-3.920224104282035,0.14369090390606,Beneficial,Resistant
461,P459S,1,1,non-synonymous,F4,-3.583840225891412,0.133753010028798,Beneficial,Resistant
462,P459T,1,1,non-synonymous,F4,-4.531542933768984,0.13103751095284,Beneficial,Resistant
463,P462A,1,1,non-synonymous,F4,-3.887924476538028,0.0127218359925454,Neutral,Sensitive
464,P462H,1,1,non-synonymous,F4,-4.019868102517399,-0.155686529257929,Deleterious,Sensitive
465,P462L,1,1,non-synonymous,F4,-3.986930212883356,-0.0392555789920417,Deleterious,Sensitive
466,P462P,1,0,synonymous,F4,-4.155187149485843,0.0397232109520166,Neutral,Sensitive
467,P462R,1,1,non-synonymous,F4,-5.066740151354634,-0.293678922752428,Deleterious,Sensitive
468,P462S,1,1,non-synonymous,F4,-4.125134961262568,0.0790861154500767,Beneficial,Resistant
469,P462T,1,1,non-synonymous,F4,-3.3814293045403625,0.121521076579076,Beneficial,Resistant
470,P501H,1,1,non-synonymous,F4,-3.986930212883355,,Not in the DMS,Not in the DMS
471,P501L,1,1,non-synonymous,F4,-4.389889623352244,,Not in the DMS,Not in the DMS
472,P501P,1,0,synonymous,F4,-4.233383976878696,,Not in the DMS,Not in the DMS
473,P501S,1,1,non-synonymous,F4,-4.38837639603715,,Not in the DMS,Not in the DMS
474,P501T,1,1,non-synonymous,F4,-4.302461083553874,,Not in the DMS,Not in the DMS
475,P503H,1,1,non-synonymous,F4,-4.070984934291149,-0.146938840929857,Deleterious,Sensitive
476,P503L,1,1,non-synonymous,F4,-4.252545686329478,-0.42232501471424,Deleterious,Sensitive
477,P503P,1,0,synonymous,F4,-4.563981141886416,-0.028750808314929,Neutral,Sensitive
478,P503S,1,1,non-synonymous,F4,-4.365497650756812,-0.302911230873425,Deleterious,Sensitive
479,P503T,1,1,non-synonymous,F4,-3.897814890350239,-0.221498886674675,Deleterious,Sensitive
480,P512A,1,1,non-synonymous,F4,-5.128543040337618,,Not in the DMS,Not in the DMS
481,P512H,1,1,non-synonymous,F4,-3.924460844579205,,Not in the DMS,Not in the DMS
482,P512L,1,1,non-synonymous,F4,-2.710254630902198,,Not in the DMS,Not in the DMS
483,P512P,1,0,synonymous,F4,-3.761765175761197,,Not in the DMS,Not in the DMS
484,P512S,1,1,non-synonymous,F4,-3.6987985222883055,,Not in the DMS,Not in the DMS
485,P512T,1,1,non-synonymous,F4,-4.207554824745849,,Not in the DMS,Not in the DMS
486,P515A,1,1,non-synonymous,F4,-4.440665831933087,,Not in the DMS,Not in the DMS
487,P515L,1,1,non-synonymous,F4,-3.976605438682772,,Not in the DMS,Not in the DMS
488,P515P,1,0,synonymous,F4,-4.023501174631826,,Not in the DMS,Not in the DMS
489,P515Q,1,1,non-synonymous,F4,-3.8884176299376927,,Not in the DMS,Not in the DMS
490,P515S,1,1,non-synonymous,F4,-3.3244996114576866,,Not in the DMS,Not in the DMS
491,P515T,1,1,non-synonymous,F4,-3.140073598853466,,Not in the DMS,Not in the DMS
492,Q474*,1,1,stop,F4,-4.33917554213314,,Not in the DMS,Not in the DMS
493,Q474E,1,1,non-synonymous,F4,-5.052097097130858,-0.359395884335034,Deleterious,Sensitive
494,Q474H,1,1,non-synonymous,F4,-4.95216742284746,0.0537430487173449,Beneficial,Resistant
495,Q474K,1,1,non-synonymous,F4,-4.233383976878696,0.186506553282697,Beneficial,Resistant
496,Q474Q,1,0,synonymous,F4,-4.8760058380751765,-0.060587154811824,Neutral,Sensitive
497,Q474R,1,1,non-synonymous,F4,-5.004270783050484,0.165355571732721,Beneficial,Resistant
498,Q479*,1,1,stop,F4,-4.265081463266998,,Not in the DMS,Not in the DMS
499,Q479H,1,1,non-synonymous,F4,-4.367770147018615,0.0016218338109808,Neutral,Sensitive
500,Q479K,1,1,non-synonymous,F4,-3.70196162845264,-0.249994807150704,Deleterious,Sensitive
501,Q479L,1,1,non-synonymous,F4,-5.052097097130858,-0.468785928050009,Deleterious,Sensitive
502,Q479P,1,1,non-synonymous,F4,-4.790799903707928,-0.571066087915543,Deleterious,Sensitive
503,Q479Q,1,0,synonymous,F4,-3.687006950260247,-0.025842877965441,Neutral,Sensitive
504,Q479R,1,1,non-synonymous,F4,-4.250273190067675,-0.486430159587238,Deleterious,Sensitive
505,R381*,1,1,stop,F4,-4.975935512358575,,Not in the DMS,Not in the DMS
506,R381G,1,1,non-synonymous,F4,-4.350249610736736,0.146983086548992,Beneficial,Resistant
507,R381I,1,1,non-synonymous,F4,-4.435119433967343,-0.333749148307511,Deleterious,Sensitive
508,R381K,1,1,non-synonymous,F4,-4.777452021228972,-0.194509792516191,Deleterious,Sensitive
509,R381R,1,0,synonymous,F4,-4.975935512358575,0.0176064011248971,Neutral,Sensitive
510,R381S,1,1,non-synonymous,F4,-4.072576400970311,-0.252039425078256,Deleterious,Sensitive
511,R388G,1,1,non-synonymous,F4,-3.762203981208896,,Not in the DMS,Not in the DMS
512,R388K,1,1,non-synonymous,F4,-4.827513044673637,,Not in the DMS,Not in the DMS
513,R388M,1,1,non-synonymous,F4,-3.9957541134010937,,Not in the DMS,Not in the DMS
514,R388R,1,0,synonymous,F4,-5.140284905875937,,Not in the DMS,Not in the DMS
515,R388S,1,1,non-synonymous,F4,-4.239325235928558,,Not in the DMS,Not in the DMS
516,R388W,1,1,non-synonymous,F4,-4.739991715249724,,Not in the DMS,Not in the DMS
517,R414*,1,1,stop,F4,-4.629690256340968,,Not in the DMS,Not in the DMS
518,R414G,1,1,non-synonymous,F4,-4.344752602362688,,Not in the DMS,Not in the DMS
519,R414I,1,1,non-synonymous,F4,-4.238044811322941,,Not in the DMS,Not in the DMS
520,R414K,1,1,non-synonymous,F4,-4.651421785617956,,Not in the DMS,Not in the DMS
521,R414R,1,0,synonymous,F4,-2.962230523315593,,Not in the DMS,Not in the DMS
522,R414S,1,1,non-synonymous,F4,-3.122827180732481,,Not in the DMS,Not in the DMS
523,R426C,1,1,non-synonymous,F4,-3.9236669331800034,,Not in the DMS,Not in the DMS
524,R426H,1,1,non-synonymous,F4,-4.391129628981137,,Not in the DMS,Not in the DMS
525,R426L,1,1,non-synonymous,F4,-4.253026423011662,,Not in the DMS,Not in the DMS
526,R426P,1,1,non-synonymous,F4,-4.067141519958003,,Not in the DMS,Not in the DMS
527,R426R,1,0,synonymous,F4,-4.952451781281937,,Not in the DMS,Not in the DMS
528,R426S,1,1,non-synonymous,F4,-4.464051467603017,,Not in the DMS,Not in the DMS
529,R467G,1,1,non-synonymous,F4,-4.541021710913705,0.22834956631847,Beneficial,Resistant
530,R467I,1,1,non-synonymous,F4,-3.2254802936861133,0.267072775648599,Beneficial,Resistant
531,R467K,1,1,non-synonymous,F4,-4.552097097130858,0.243888221766016,Beneficial,Resistant
532,R467R,1,0,synonymous,F4,-4.654785780882474,-0.0030302577904047,Neutral,Sensitive
533,R467S,1,1,non-synonymous,F4,-3.928367070050773,0.261388320075666,Beneficial,Resistant
534,R467T,1,1,non-synonymous,F4,-4.989769908043947,0.244125072562731,Beneficial,Resistant
535,R469*,1,1,stop,F4,-5.140284905875937,,Not in the DMS,Not in the DMS
536,R469G,1,1,non-synonymous,F4,-4.186713640374367,-0.444507468516932,Deleterious,Sensitive
537,R469I,1,1,non-synonymous,F4,-4.169379975446216,-0.453754653344425,Deleterious,Sensitive
538,R469K,1,1,non-synonymous,F4,-4.783088512755293,-0.201859767834262,Deleterious,Sensitive
539,R469R,1,0,synonymous,F4,-4.390506713081715,-0.0082287452231584,Neutral,Sensitive
540,R469S,1,1,non-synonymous,F4,-4.471203882509398,-0.531378557305178,Deleterious,Sensitive
541,R492*,1,1,stop,F4,-4.978694521826793,,Not in the DMS,Not in the DMS
542,R492G,1,1,non-synonymous,F4,-4.479033079291739,,Not in the DMS,Not in the DMS
543,R492I,1,1,non-synonymous,F4,-4.188802723518387,,Not in the DMS,Not in the DMS
544,R492K,1,1,non-synonymous,F4,-4.6908702294245295,,Not in the DMS,Not in the DMS
545,R492R,1,0,synonymous,F4,-4.581721763043356,,Not in the DMS,Not in the DMS
546,S378C,1,1,non-synonymous,F4,-4.776076163791779,-0.547548854810507,Deleterious,Sensitive
547,S378G,1,1,non-synonymous,F4,-4.354903001221843,-0.466630161234909,Deleterious,Sensitive
548,S378I,1,1,non-synonymous,F4,-4.337521948092237,-0.436550202837806,Deleterious,Sensitive
549,S378N,1,1,non-synonymous,F4,-3.888249450858068,-0.366913135730966,Deleterious,Sensitive
550,S378S,1,0,synonymous,F4,-4.108370997862433,-0.0125590126475256,Neutral,Sensitive
551,S378T,1,1,non-synonymous,F4,-4.717255149186624,-0.354001591834797,Deleterious,Sensitive
552,S405C,1,1,non-synonymous,F4,-4.9160829743054055,0.181076155305951,Beneficial,Resistant
553,S405G,1,1,non-synonymous,F4,-4.271207847841384,-0.0151531282547235,Neutral,Sensitive
554,S405I,1,1,non-synonymous,F4,-4.373606396634292,0.223587520184695,Beneficial,Resistant
555,S405N,1,1,non-synonymous,F4,-3.754124052514477,0.0184873490989735,Neutral,Sensitive
556,S405R,1,1,non-synonymous,F4,-4.478552342609556,-0.279215950975944,Deleterious,Sensitive
557,S405S,1,0,synonymous,F4,-3.367987364869431,0.0036811731113268,Neutral,Sensitive
558,S412C,1,1,non-synonymous,F4,-4.706518320434418,,Not in the DMS,Not in the DMS
559,S412G,1,1,non-synonymous,F4,-4.805300778714464,,Not in the DMS,Not in the DMS
560,S412I,1,1,non-synonymous,F4,-4.343161135683524,,Not in the DMS,Not in the DMS
561,S412N,1,1,non-synonymous,F4,-4.491900225088511,,Not in the DMS,Not in the DMS
562,S412R,1,1,non-synonymous,F4,-4.754086762742219,,Not in the DMS,Not in the DMS
563,S412S,1,0,synonymous,F4,-5.140284905875937,,Not in the DMS,Not in the DMS
564,S412T,1,1,non-synonymous,F4,-4.827513044673637,,Not in the DMS,Not in the DMS
565,S436F,1,1,non-synonymous,F4,-4.602824599896689,-0.0091702485109352,Neutral,Sensitive
566,S436S,1,0,synonymous,F4,-4.95216742284746,-0.0018151611610541,Neutral,Sensitive
567,S436Y,1,1,non-synonymous,F4,-4.171321102848767,0.0391988007436591,Neutral,Sensitive
568,S438G,1,1,non-synonymous,F4,-4.95216742284746,,Not in the DMS,Not in the DMS
569,S438I,1,1,non-synonymous,F4,-4.438961719585743,,Not in the DMS,Not in the DMS
570,S438N,1,1,non-synonymous,F4,-4.353755785218493,,Not in the DMS,Not in the DMS
571,S438R,1,1,non-synonymous,F4,-4.450037105802895,,Not in the DMS,Not in the DMS
572,S438S,1,0,synonymous,F4,-4.273867607383146,,Not in the DMS,Not in the DMS
573,S441F,1,1,non-synonymous,F4,-4.328660260676987,,Not in the DMS,Not in the DMS
574,S441P,1,1,non-synonymous,F4,-4.9160829743054055,,Not in the DMS,Not in the DMS
575,S441S,1,0,synonymous,F4,-4.213750292318425,,Not in the DMS,Not in the DMS
576,S441T,1,1,non-synonymous,F4,-4.850996775750275,,Not in the DMS,Not in the DMS
577,S441Y,1,1,non-synonymous,F4,-4.147315605986006,,Not in the DMS,Not in the DMS
578,S442C,1,1,non-synonymous,F4,-4.813678648988265,,Not in the DMS,Not in the DMS
579,S442G,1,1,non-synonymous,F4,-4.087387634273712,,Not in the DMS,Not in the DMS
580,S442I,1,1,non-synonymous,F4,-4.3760058380751765,,Not in the DMS,Not in the DMS
581,S442N,1,1,non-synonymous,F4,-4.054949426156281,,Not in the DMS,Not in the DMS
582,S442S,1,0,synonymous,F4,-5.0522392763480966,,Not in the DMS,Not in the DMS
583,S453*,1,1,stop,F4,-4.000764608568726,,Not in the DMS,Not in the DMS
584,S453A,1,1,non-synonymous,F4,-4.476422025564991,,Not in the DMS,Not in the DMS
585,S453L,1,1,non-synonymous,F4,-4.443497304241143,,Not in the DMS,Not in the DMS
586,S453P,1,1,non-synonymous,F4,-4.901582099298867,,Not in the DMS,Not in the DMS
587,S453S,1,0,synonymous,F4,-4.414423091388231,,Not in the DMS,Not in the DMS
588,S457C,1,1,non-synonymous,F4,-5.00493726237165,,Not in the DMS,Not in the DMS
589,S457G,1,1,non-synonymous,F4,-4.182353559775139,,Not in the DMS,Not in the DMS
590,S457I,1,1,non-synonymous,F4,-4.501573267107131,,Not in the DMS,Not in the DMS
591,S457N,1,1,non-synonymous,F4,-3.931822472989558,,Not in the DMS,Not in the DMS
592,S457R,1,1,non-synonymous,F4,-4.817042644252783,,Not in the DMS,Not in the DMS
593,S457S,1,0,synonymous,F4,-4.148812777328519,,Not in the DMS,Not in the DMS
594,S458*,1,1,stop,F4,-4.343018956466286,,Not in the DMS,Not in the DMS
595,S458L,1,1,non-synonymous,F4,-4.079024247100002,-0.323269265052069,Deleterious,Sensitive
596,S458P,1,1,non-synonymous,F4,-3.5109050813684783,0.20543752713893,Beneficial,Resistant
597,S458S,1,0,synonymous,F4,-4.663021471939036,-0.0036349445030621,Neutral,Sensitive
598,S506C,1,1,non-synonymous,F4,-4.850996775750275,-0.212290074237713,Deleterious,Sensitive
599,S506G,1,1,non-synonymous,F4,-4.299664287188143,-0.196337767173071,Deleterious,Sensitive
600,S506I,1,1,non-synonymous,F4,-4.174301848511851,-0.0057832075233685,Neutral,Sensitive
601,S506N,1,1,non-synonymous,F4,-4.012506474107045,-0.0541373913054411,Deleterious,Sensitive
602,S506R,1,1,non-synonymous,F4,-4.501431087889893,0.0215905679150302,Neutral,Sensitive
603,S506S,1,0,synonymous,F4,-4.265081463266998,0.0089925944223423,Neutral,Sensitive
604,S507A,1,1,non-synonymous,F4,-4.402877271043687,-0.454684875461231,Deleterious,Sensitive
605,S507F,1,1,non-synonymous,F4,-4.610717736532199,-0.436195233667368,Deleterious,Sensitive
606,S507P,1,1,non-synonymous,F4,-4.901724278516106,-0.484186892545874,Deleterious,Sensitive
607,S507S,1,0,synonymous,F4,-4.622459602070518,-0.0454131342150045,Neutral,Sensitive
608,S507T,1,1,non-synonymous,F4,-4.640951385197103,-0.223408283048516,Deleterious,Sensitive
609,S507Y,1,1,non-synonymous,F4,-4.401724278516106,-0.274950882992189,Deleterious,Sensitive
610,T384A,1,1,non-synonymous,F4,-4.512648653324284,,Not in the DMS,Not in the DMS
611,T384I,1,1,non-synonymous,F4,-4.421722845673375,,Not in the DMS,Not in the DMS
612,T384N,1,1,non-synonymous,F4,-4.567887367357984,,Not in the DMS,Not in the DMS
613,T384P,1,1,non-synonymous,F4,-3.870291107184786,,Not in the DMS,Not in the DMS
614,T384S,1,1,non-synonymous,F4,-4.813678648988265,,Not in the DMS,Not in the DMS
615,T384T,1,0,synonymous,F4,-4.776076163791779,,Not in the DMS,Not in the DMS
616,T392I,1,1,non-synonymous,F4,-4.333535036928296,,Not in the DMS,Not in the DMS
617,T392N,1,1,non-synonymous,F4,-4.486930212883355,,Not in the DMS,Not in the DMS
618,T392S,1,1,non-synonymous,F4,-4.765081463266998,,Not in the DMS,Not in the DMS
619,T392T,1,0,synonymous,F4,-4.003038422444087,,Not in the DMS,Not in the DMS
620,T411A,1,1,non-synonymous,F4,-3.8935636641293145,,Not in the DMS,Not in the DMS
621,T411K,1,1,non-synonymous,F4,-4.534858223218491,,Not in the DMS,Not in the DMS
622,T411M,1,1,non-synonymous,F4,-2.947215604784538,,Not in the DMS,Not in the DMS
623,T411P,1,1,non-synonymous,F4,-4.0696176334127365,,Not in the DMS,Not in the DMS
624,T411S,1,1,non-synonymous,F4,-4.629690256340968,,Not in the DMS,Not in the DMS
625,T411T,1,0,synonymous,F4,-3.802904033338546,,Not in the DMS,Not in the DMS
626,T425A,1,1,non-synonymous,F4,-4.1060497957856175,,Not in the DMS,Not in the DMS
627,T425I,1,1,non-synonymous,F4,-4.20714123633384,,Not in the DMS,Not in the DMS
628,T425K,1,1,non-synonymous,F4,-4.593870122855895,,Not in the DMS,Not in the DMS
629,T425P,1,1,non-synonymous,F4,-5.154785780882475,,Not in the DMS,Not in the DMS
630,T425S,1,1,non-synonymous,F4,-4.805300778714464,,Not in the DMS,Not in the DMS
631,T425T,1,0,synonymous,F4,-4.87999852576335,,Not in the DMS,Not in the DMS
632,T429A,1,1,non-synonymous,F4,-3.7897168728296737,,Not in the DMS,Not in the DMS
633,T429I,1,1,non-synonymous,F4,-3.8732718528478696,,Not in the DMS,Not in the DMS
634,T429N,1,1,non-synonymous,F4,-4.251209280684115,,Not in the DMS,Not in the DMS
635,T429P,1,1,non-synonymous,F4,-4.615195157858662,,Not in the DMS,Not in the DMS
636,T429S,1,1,non-synonymous,F4,-4.952309602064698,,Not in the DMS,Not in the DMS
637,T429T,1,0,synonymous,F4,-4.739991715249724,,Not in the DMS,Not in the DMS
638,T482A,1,1,non-synonymous,F4,-4.469740044786,,Not in the DMS,Not in the DMS
639,T482I,1,1,non-synonymous,F4,-4.166927697410605,,Not in the DMS,Not in the DMS
640,T482N,1,1,non-synonymous,F4,-4.251875760005281,,Not in the DMS,Not in the DMS
641,T482P,1,1,non-synonymous,F4,-4.21720628952659,,Not in the DMS,Not in the DMS
642,T482T,1,0,synonymous,F4,-4.314022982977443,,Not in the DMS,Not in the DMS
643,T485K,1,1,non-synonymous,F4,-4.252545686329478,,Not in the DMS,Not in the DMS
644,T485M,1,1,non-synonymous,F4,-4.227632759981934,,Not in the DMS,Not in the DMS
645,T485P,1,1,non-synonymous,F4,-4.357514054948592,,Not in the DMS,Not in the DMS
646,T485T,1,0,synonymous,F4,-4.259366732376607,,Not in the DMS,Not in the DMS
647,T486K,1,1,non-synonymous,F4,-3.905630503987674,,Not in the DMS,Not in the DMS
648,T486M,1,1,non-synonymous,F4,-3.856771722796407,,Not in the DMS,Not in the DMS
649,T486P,1,1,non-synonymous,F4,-4.717255149186624,,Not in the DMS,Not in the DMS
650,T486R,1,1,non-synonymous,F4,-4.677522346945574,,Not in the DMS,Not in the DMS
651,T486T,1,0,synonymous,F4,-4.120735779300174,,Not in the DMS,Not in the DMS
652,T494A,1,1,non-synonymous,F4,-3.762205298822453,,Not in the DMS,Not in the DMS
653,T494I,1,1,non-synonymous,F4,-4.514778970368848,,Not in the DMS,Not in the DMS
654,T494N,1,1,non-synonymous,F4,-4.20810978711358,,Not in the DMS,Not in the DMS
655,T494P,1,1,non-synonymous,F4,-4.952451781281937,,Not in the DMS,Not in the DMS
656,T494S,1,1,non-synonymous,F4,-5.052097097130858,,Not in the DMS,Not in the DMS
657,T494T,1,0,synonymous,F4,-4.964051467603017,,Not in the DMS,Not in the DMS
658,T513A,1,1,non-synonymous,F4,-4.552097097130858,,Not in the DMS,Not in the DMS
659,T513I,1,1,non-synonymous,F4,-3.4764220255649905,,Not in the DMS,Not in the DMS
660,T513N,1,1,non-synonymous,F4,-4.387142717817195,,Not in the DMS,Not in the DMS
661,T513S,1,1,non-synonymous,F4,-5.152026771414256,,Not in the DMS,Not in the DMS
662,T513T,1,0,synonymous,F4,-3.89542625520378,,Not in the DMS,Not in the DMS
663,V383F,1,1,non-synonymous,F4,-4.299522107970905,,Not in the DMS,Not in the DMS
664,V383I,1,1,non-synonymous,F4,-4.95216742284746,,Not in the DMS,Not in the DMS
665,V383V,1,0,synonymous,F4,-4.754086762742219,,Not in the DMS,Not in the DMS
666,V396A,1,1,non-synonymous,F4,-4.096588103220175,,Not in the DMS,Not in the DMS
667,V396D,1,1,non-synonymous,F4,-4.889840233760548,,Not in the DMS,Not in the DMS
668,V396F,1,1,non-synonymous,F4,-4.292433632917693,,Not in the DMS,Not in the DMS
669,V396G,1,1,non-synonymous,F4,-5.078482016892953,,Not in the DMS,Not in the DMS
670,V396I,1,1,non-synonymous,F4,-4.113962797252265,,Not in the DMS,Not in the DMS
671,V396V,1,0,synonymous,F4,-4.217735885868809,,Not in the DMS,Not in the DMS
672,V402A,1,1,non-synonymous,F4,-5.052097097130858,-0.0978621426397602,Deleterious,Sensitive
673,V402F,1,1,non-synonymous,F4,-4.348969186131119,-0.0748997444620828,Deleterious,Sensitive
674,V402G,1,1,non-synonymous,F4,-4.978552342609556,-0.14994890978715,Deleterious,Sensitive
675,V402I,1,1,non-synonymous,F4,-4.350249610736736,0.0275911293812387,Neutral,Sensitive
676,V404A,1,1,non-synonymous,F4,-4.1998781097355415,-0.0888914389299272,Deleterious,Sensitive
677,V404D,1,1,non-synonymous,F4,-4.989769908043947,-0.0356755845868695,Deleterious,Sensitive
678,V404F,1,1,non-synonymous,F4,-4.196416627390274,0.170517201255504,Beneficial,Resistant
679,V404G,1,1,non-synonymous,F4,-4.8760058380751765,-0.212360120922932,Deleterious,Sensitive
680,V404I,1,1,non-synonymous,F4,-3.3954799512834963,0.16930483843261,Beneficial,Resistant
681,V404L,1,1,non-synonymous,F4,-4.53889139386914,0.190648197244693,Beneficial,Resistant
682,V404V,1,0,synonymous,F4,-3.84253244325987,-0.019904964976416,Neutral,Sensitive
683,V437A,1,1,non-synonymous,F4,-4.952451781281937,,Not in the DMS,Not in the DMS
684,V437I,1,1,non-synonymous,F4,-4.251209280684115,,Not in the DMS,Not in the DMS
685,V437L,1,1,non-synonymous,F4,-4.50364209062683,,Not in the DMS,Not in the DMS
686,V437V,1,0,synonymous,F4,-4.6908702294245295,,Not in the DMS,Not in the DMS
687,V445A,1,1,non-synonymous,F4,-4.952451781281937,,Not in the DMS,Not in the DMS
688,V445I,1,1,non-synonymous,F4,-4.850996775750275,,Not in the DMS,Not in the DMS
689,V445L,1,1,non-synonymous,F4,-4.482058517091312,,Not in the DMS,Not in the DMS
690,V445V,1,0,synonymous,F4,-4.827513044673637,,Not in the DMS,Not in the DMS
691,V452A,1,1,non-synonymous,F4,-3.238311765040587,0.232857574532503,Beneficial,Resistant
692,V452I,1,1,non-synonymous,F4,-4.024422714211679,0.0907309502252073,Beneficial,Resistant
693,V452L,1,1,non-synonymous,F4,-4.531400754551745,0.258897766889308,Beneficial,Resistant
694,V452V,1,0,synonymous,F4,-4.8676279678013765,0.0254950268369391,Neutral,Sensitive
695,V456A,1,1,non-synonymous,F4,-4.828037344777565,0.068799015275981,Beneficial,Resistant
696,V456F,1,1,non-synonymous,F4,-4.753339597728679,0.156343287964855,Beneficial,Resistant
697,V456I,1,1,non-synonymous,F4,-3.786427295744624,0.191762948000289,Beneficial,Resistant
698,V456V,1,0,synonymous,F4,-4.153096748728265,-0.0003334067768078,Neutral,Sensitive
699,V478A,1,1,non-synonymous,F4,-4.952309602064698,,Not in the DMS,Not in the DMS
700,V478D,1,1,non-synonymous,F4,-4.776076163791779,,Not in the DMS,Not in the DMS
701,V478F,1,1,non-synonymous,F4,-4.198454188299128,,Not in the DMS,Not in the DMS
702,V478G,1,1,non-synonymous,F4,-4.446861299505662,,Not in the DMS,Not in the DMS
703,V478I,1,1,non-synonymous,F4,-3.956696564218451,,Not in the DMS,Not in the DMS
704,V478V,1,0,synonymous,F4,-4.347554541121687,,Not in the DMS,Not in the DMS
705,V488A,1,1,non-synonymous,F4,-5.166527646420794,,Not in the DMS,Not in the DMS
706,V488D,1,1,non-synonymous,F4,-4.7039072667076685,,Not in the DMS,Not in the DMS
707,V488F,1,1,non-synonymous,F4,-4.249476318564397,,Not in the DMS,Not in the DMS
708,V488I,1,1,non-synonymous,F4,-4.567220888036818,,Not in the DMS,Not in the DMS
709,V488V,1,0,synonymous,F4,-4.8676279678013765,,Not in the DMS,Not in the DMS
710,V500D,1,1,non-synonymous,F4,-4.369143891181436,,Not in the DMS,Not in the DMS
711,V500F,1,1,non-synonymous,F4,-4.190076318025328,,Not in the DMS,Not in the DMS
712,V500I,1,1,non-synonymous,F4,-4.467557642084775,,Not in the DMS,Not in the DMS
713,V500V,1,0,synonymous,F4,-4.328037344777565,,Not in the DMS,Not in the DMS
714,V509A,1,1,non-synonymous,F4,-4.674905516694594,-0.353235380866089,Deleterious,Sensitive
715,V509D,1,1,non-synonymous,F4,-4.651421785617956,-0.3080680494325,Deleterious,Sensitive
716,V509F,1,1,non-synonymous,F4,-4.275459074062308,-0.0090003830221183,Neutral,Sensitive
717,V509I,1,1,non-synonymous,F4,-2.085971823230829,0.322968637726732,Beneficial,Resistant
718,V509L,1,1,non-synonymous,F4,-2.1838994063959123,0.324011882923768,Beneficial,Resistant
719,V509V,1,0,synonymous,F4,-4.607958727063981,-0.0006815681607741,Neutral,Sensitive
720,V510A,1,1,non-synonymous,F4,-4.669280879364781,-0.364751506636743,Deleterious,Sensitive
721,V510D,1,1,non-synonymous,F4,-4.964051467603017,-0.487923895249443,Deleterious,Sensitive
722,V510F,1,1,non-synonymous,F4,-4.089957454099917,-0.351784580096079,Deleterious,Sensitive
723,V510G,1,1,non-synonymous,F4,-4.975935512358575,-0.463658756768977,Deleterious,Sensitive
724,V510I,1,1,non-synonymous,F4,-4.399922216381693,-0.0149587852504347,Neutral,Sensitive
725,V510V,1,0,synonymous,F4,-4.87999852576335,-0.0493981753904439,Neutral,Sensitive
726,W427*,1,1,stop,F4,-4.401582099298867,,Not in the DMS,Not in the DMS
727,W427C,1,1,non-synonymous,F4,-4.004672151653852,,Not in the DMS,Not in the DMS
728,W427G,1,1,non-synonymous,F4,-4.73060303166558,,Not in the DMS,Not in the DMS
729,W427L,1,1,non-synonymous,F4,-3.815718872472252,,Not in the DMS,Not in the DMS
730,W427R,1,1,non-synonymous,F4,-4.369810370502602,,Not in the DMS,Not in the DMS
731,W493*,1,1,stop,F4,-4.501573267107131,,Not in the DMS,Not in the DMS
732,W493C,1,1,non-synonymous,F4,-4.049886094393921,,Not in the DMS,Not in the DMS
733,W493G,1,1,non-synonymous,F4,-4.677664526162812,,Not in the DMS,Not in the DMS
734,W493L,1,1,non-synonymous,F4,-3.880885756719755,,Not in the DMS,Not in the DMS
735,W493R,1,1,non-synonymous,F4,-4.615052978641424,,Not in the DMS,Not in the DMS
736,W520G,1,1,non-synonymous,F4,-5.140284905875937,,Not in the DMS,Not in the DMS
737,W520R,1,1,non-synonymous,F4,-5.00493726237165,,Not in the DMS,Not in the DMS
738,Y394*,1,1,stop,F4,-4.424460844579205,,Not in the DMS,Not in the DMS
739,Y394C,1,1,non-synonymous,F4,-4.95216742284746,,Not in the DMS,Not in the DMS
740,Y394F,1,1,non-synonymous,F4,-5.016012648588803,,Not in the DMS,Not in the DMS
741,Y394H,1,1,non-synonymous,F4,-4.717112969969387,,Not in the DMS,Not in the DMS
742,Y394S,1,1,non-synonymous,F4,-5.00493726237165,,Not in the DMS,Not in the DMS
743,Y394Y,1,0,synonymous,F4,-4.129210837272341,,Not in the DMS,Not in the DMS
744,Y401*,1,1,stop,F4,-4.615195157858662,,Not in the DMS,Not in the DMS
745,Y401C,1,1,non-synonymous,F4,-4.596216861525662,-0.15793665719293,Deleterious,Sensitive
746,Y401F,1,1,non-synonymous,F4,-4.850996775750275,-0.0097252141312742,Neutral,Sensitive
747,Y401H,1,1,non-synonymous,F4,-4.717255149186624,0.0340899187014989,Beneficial,Resistant
748,Y401Y,1,0,synonymous,F4,-3.852546651574987,0.012471909015665,Neutral,Sensitive
749,Y408*,1,1,stop,F4,-4.8760058380751765,-0.0515385105298667,Deleterious,Sensitive
750,Y408F,1,1,non-synonymous,F4,-4.95216742284746,0.0564390618572369,Beneficial,Resistant
751,Y408H,1,1,non-synonymous,F4,-3.8707468564795486,0.140354730213184,Beneficial,Resistant
752,Y408Y,1,0,synonymous,F4,-3.475357242999295,0.0538962035876184,Neutral,Sensitive
753,Y415*,1,1,stop,F4,-4.3843432253865,,Not in the DMS,Not in the DMS
754,Y415C,1,1,non-synonymous,F4,-3.018590223812104,,Not in the DMS,Not in the DMS
755,Y415D,1,1,non-synonymous,F4,-5.00493726237165,,Not in the DMS,Not in the DMS
756,Y415F,1,1,non-synonymous,F4,-3.032877234525888,,Not in the DMS,Not in the DMS
757,Y415S,1,1,non-synonymous,F4,-3.061746683152686,,Not in the DMS,Not in the DMS
758,Y415Y,1,0,synonymous,F4,-4.204388003389853,,Not in the DMS,Not in the DMS
759,Y447*,1,1,stop,F4,-4.273945846747214,,Not in the DMS,Not in the DMS
760,Y447C,1,1,non-synonymous,F4,-4.106240680817868,0.205800381714431,Beneficial,Resistant
761,Y447F,1,1,non-synonymous,F4,-4.927967019060962,0.0705737177248193,Beneficial,Resistant
762,Y447Y,1,0,synonymous,F4,-3.17620864700952,0.0522068465914266,Neutral,Sensitive
763,Y460*,1,1,stop,F4,-3.719437551887849,,Not in the DMS,Not in the DMS
764,Y460C,1,1,non-synonymous,F4,-5.154785780882475,0.0498954275119832,Beneficial,Resistant
765,Y460D,1,1,non-synonymous,F4,-4.189406391701131,-0.0732212138088355,Deleterious,Sensitive
766,Y460H,1,1,non-synonymous,F4,-4.168043569800853,0.0262972632594219,Neutral,Sensitive
767,Y460N,1,1,non-synonymous,F4,-4.61780621158541,0.0516167140749728,Beneficial,Resistant
768,Y460S,1,1,non-synonymous,F4,-4.074975842411195,0.0500244199468948,Beneficial,Resistant
769,Y460Y,1,0,synonymous,F4,-3.7928217424775816,0.0172158607972643,Neutral,Sensitive
770,Y477*,1,1,stop,F4,-4.438961719585743,,Not in the DMS,Not in the DMS
771,Y477C,1,1,non-synonymous,F4,-4.266190892372837,-0.0677186700536412,Deleterious,Sensitive
772,Y477D,1,1,non-synonymous,F4,-4.271209165454942,-0.0269099415280052,Neutral,Sensitive
773,Y477H,1,1,non-synonymous,F4,-5.00493726237165,-0.0185307741908328,Neutral,Sensitive
774,Y477N,1,1,non-synonymous,F4,-4.753339597728679,-0.0370013707587829,Neutral,Sensitive
775,Y477S,1,1,non-synonymous,F4,-4.732236760875346,0.0005281608425926,Neutral,Sensitive
776,Y477Y,1,0,synonymous,F4,-3.963257556203816,0.0514949475761481,Neutral,Sensitive
777,Y489*,1,1,stop,F4,-4.651137427183479,,Not in the DMS,Not in the DMS
778,Y489C,1,1,non-synonymous,F4,-4.952451781281937,,Not in the DMS,Not in the DMS
779,Y489D,1,1,non-synonymous,F4,-4.566597972137396,,Not in the DMS,Not in the DMS
780,Y489H,1,1,non-synonymous,F4,-4.567887367357984,,Not in the DMS,Not in the DMS
781,Y489N,1,1,non-synonymous,F4,-4.61780621158541,,Not in the DMS,Not in the DMS
782,Y489Y,1,0,synonymous,F4,-4.765710155690653,,Not in the DMS,Not in the DMS
783,Y498*,1,1,stop,F4,-4.941314901539919,,Not in the DMS,Not in the DMS
784,Y498H,1,1,non-synonymous,F4,-4.14564041880943,,Not in the DMS,Not in the DMS
785,Y498N,1,1,non-synonymous,F4,-4.626937023396981,,Not in the DMS,Not in the DMS
786,Y505*,1,1,stop,F4,-3.850249610736736,,Not in the DMS,Not in the DMS
787,Y505H,1,1,non-synonymous,F4,-4.732236760875346,0.0786722530978696,Beneficial,Resistant
788,Y505N,1,1,non-synonymous,F4,-4.783088512755293,0.144761152251948,Beneficial,Resistant
789,Y505Y,1,0,synonymous,F4,-3.4205803711723024,-0.0243435010378046,Neutral,Sensitive
0,"['A409A', 'D421A']",2,1,non-synonymous,F4,-5.128543040337618,,Not in the DMS,Not in the DMS
1,"['A409A', 'G465G']",2,0,synonymous,F4,-5.166527646420794,,Not in the DMS,Not in the DMS
5,"['A409T', 'D421A']",2,2,non-synonymous,F4,-4.95216742284746,,Not in the DMS,Not in the DMS
6,"['A409T', 'G464S']",2,2,non-synonymous,F4,-4.87999852576335,,Not in the DMS,Not in the DMS
7,"['A409T', 'G465G']",2,1,non-synonymous,F4,-4.717735885868809,,Not in the DMS,Not in the DMS
8,"['A409T', 'K454N']",2,2,non-synonymous,F4,-5.154785780882475,,Not in the DMS,Not in the DMS
9,"['A409T', 'L461V']",2,2,non-synonymous,F4,-4.801794604232708,,Not in the DMS,Not in the DMS
10,"['A409T', 'V509I']",2,2,non-synonymous,F4,-4.95216742284746,,Not in the DMS,Not in the DMS
12,"['A409V', 'G448D']",2,2,non-synonymous,F4,-5.040355231592539,,Not in the DMS,Not in the DMS
18,"['A430T', 'G465G']",2,1,non-synonymous,F4,-4.95216742284746,,Not in the DMS,Not in the DMS
19,"['A430T', 'L461V']",2,2,non-synonymous,F4,-5.052097097130858,,Not in the DMS,Not in the DMS
21,"['A430V', 'G464S']",2,2,non-synonymous,F4,-4.95216742284746,,Not in the DMS,Not in the DMS
22,"['A430V', 'G465G']",2,1,non-synonymous,F4,-5.128543040337618,,Not in the DMS,Not in the DMS
28,"['A431T', 'F449I']",2,2,non-synonymous,F4,-5.066740151354634,,Not in the DMS,Not in the DMS
29,"['A431T', 'G464S']",2,2,non-synonymous,F4,-4.916225153522643,,Not in the DMS,Not in the DMS
30,"['A431T', 'G465G']",2,1,non-synonymous,F4,-4.388180350843374,,Not in the DMS,Not in the DMS
32,"['A431V', 'G465G']",2,1,non-synonymous,F4,-4.990436387365112,,Not in the DMS,Not in the DMS
33,"['A431V', 'L461V']",2,2,non-synonymous,F4,-5.052097097130858,,Not in the DMS,Not in the DMS
36,"['A432D', 'G464S']",2,2,non-synonymous,F4,-5.066740151354634,,Not in the DMS,Not in the DMS
37,"['A432D', 'G465G']",2,1,non-synonymous,F4,-5.128543040337618,,Not in the DMS,Not in the DMS
39,"['A432G', 'G464S']",2,2,non-synonymous,F4,-4.6908702294245295,,Not in the DMS,Not in the DMS
40,"['A432G', 'G465G']",2,1,non-synonymous,F4,-4.600552103634886,,Not in the DMS,Not in the DMS
41,"['A432G', 'L461V']",2,2,non-synonymous,F4,-4.941314901539919,,Not in the DMS,Not in the DMS
42,"['A432G', 'V509I']",2,2,non-synonymous,F4,-4.989769908043947,,Not in the DMS,Not in the DMS
45,"['A432S', 'G465G']",2,1,non-synonymous,F4,-5.016012648588803,,Not in the DMS,Not in the DMS
47,"['A432T', 'G464S']",2,2,non-synonymous,F4,-4.801794604232708,,Not in the DMS,Not in the DMS
48,"['A432T', 'G465G']",2,1,non-synonymous,F4,-4.87999852576335,,Not in the DMS,Not in the DMS
50,"['A432V', 'G464S']",2,2,non-synonymous,F4,-5.066740151354634,,Not in the DMS,Not in the DMS
51,"['A432V', 'G465G']",2,1,non-synonymous,F4,-5.152026771414256,,Not in the DMS,Not in the DMS
53,"['A434A', 'L461V']",2,1,non-synonymous,F4,-5.078482016892953,,Not in the DMS,Not in the DMS
58,"['A434T', 'G465G']",2,1,non-synonymous,F4,-5.040355231592539,,Not in the DMS,Not in the DMS
60,"['A434V', 'G465G']",2,1,non-synonymous,F4,-4.765081463266998,,Not in the DMS,Not in the DMS
77,"['C470G', 'V478V']",2,1,non-synonymous,F4,-5.154785780882475,,Not in the DMS,Not in the DMS
89,"['D421A', 'A430T']",2,2,non-synonymous,F4,-5.040355231592539,,Not in the DMS,Not in the DMS
90,"['D421A', 'A432D']",2,2,non-synonymous,F4,-4.927967019060962,,Not in the DMS,Not in the DMS
91,"['D421A', 'A432G']",2,2,non-synonymous,F4,-4.575118021628434,,Not in the DMS,Not in the DMS
92,"['D421A', 'A432V']",2,2,non-synonymous,F4,-5.00493726237165,,Not in the DMS,Not in the DMS
93,"['D421A', 'A434V']",2,2,non-synonymous,F4,-5.052097097130858,,Not in the DMS,Not in the DMS
94,"['D421A', 'A516T']",2,2,non-synonymous,F4,-5.128543040337618,,Not in the DMS,Not in the DMS
95,"['D421A', 'D428A']",2,2,non-synonymous,F4,-4.751067101466877,,Not in the DMS,Not in the DMS
96,"['D421A', 'E517*']",2,2,stop,F4,-5.154785780882475,,Not in the DMS,Not in the DMS
97,"['D421A', 'F449C']",2,2,non-synonymous,F4,-4.482058517091312,,Not in the DMS,Not in the DMS
98,"['D421A', 'F449F']",2,1,non-synonymous,F4,-4.964051467603017,,Not in the DMS,Not in the DMS
99,"['D421A', 'F449I']",2,2,non-synonymous,F4,-4.364893982574069,,Not in the DMS,Not in the DMS
100,"['D421A', 'F449L']",2,2,non-synonymous,F4,-4.541021710913705,,Not in the DMS,Not in the DMS
101,"['D421A', 'F449S']",2,2,non-synonymous,F4,-4.5789685300993686,,Not in the DMS,Not in the DMS
102,"['D421A', 'F449V']",2,2,non-synonymous,F4,-4.231179417426168,,Not in the DMS,Not in the DMS
103,"['D421A', 'F449Y']",2,2,non-synonymous,F4,-4.464680160026672,,Not in the DMS,Not in the DMS
104,"['D421A', 'F475L']",2,2,non-synonymous,F4,-4.95216742284746,,Not in the DMS,Not in the DMS
105,"['D421A', 'F487C']",2,2,non-synonymous,F4,-5.078482016892953,,Not in the DMS,Not in the DMS
106,"['D421A', 'F487L']",2,2,non-synonymous,F4,-4.964051467603017,,Not in the DMS,Not in the DMS
107,"['D421A', 'G448D']",2,2,non-synonymous,F4,-3.931613259485586,,Not in the DMS,Not in the DMS
108,"['D421A', 'G448S']",2,2,non-synonymous,F4,-4.805300778714465,,Not in the DMS,Not in the DMS
109,"['D421A', 'G450E']",2,2,non-synonymous,F4,-4.26343765942885,,Not in the DMS,Not in the DMS
110,"['D421A', 'G450R']",2,2,non-synonymous,F4,-4.062440065473675,,Not in the DMS,Not in the DMS
111,"['D421A', 'G464S', 'G465G']",3,2,non-synonymous,F4,-4.801794604232708,,Not in the DMS,Not in the DMS
112,"['D421A', 'G464S']",2,2,non-synonymous,F4,-3.806039387169222,,Not in the DMS,Not in the DMS
113,"['D421A', 'G465C']",2,2,non-synonymous,F4,-4.989769908043947,,Not in the DMS,Not in the DMS
114,"['D421A', 'G465G', 'H468H']",3,1,non-synonymous,F4,-5.140284905875937,,Not in the DMS,Not in the DMS
115,"['D421A', 'G465G', 'H468Q']",3,2,non-synonymous,F4,-5.040355231592539,,Not in the DMS,Not in the DMS
116,"['D421A', 'G465G', 'V478V']",3,1,non-synonymous,F4,-5.140284905875937,,Not in the DMS,Not in the DMS
117,"['D421A', 'G465G', 'Y505*']",3,2,stop,F4,-5.152026771414256,,Not in the DMS,Not in the DMS
118,"['D421A', 'G465G']",2,1,non-synonymous,F4,-3.86604119857742,,Not in the DMS,Not in the DMS
119,"['D421A', 'G466D']",2,2,non-synonymous,F4,-4.760070968099366,,Not in the DMS,Not in the DMS
120,"['D421A', 'G466S']",2,2,non-synonymous,F4,-4.651421785617956,,Not in the DMS,Not in the DMS
121,"['D421A', 'H468H']",2,1,non-synonymous,F4,-4.9160829743054055,,Not in the DMS,Not in the DMS
122,"['D421A', 'H468Q']",2,2,non-synonymous,F4,-4.651421785617956,,Not in the DMS,Not in the DMS
123,"['D421A', 'K451I']",2,2,non-synonymous,F4,-4.955815776546455,,Not in the DMS,Not in the DMS
124,"['D421A', 'K454E']",2,2,non-synonymous,F4,-4.743978626413665,,Not in the DMS,Not in the DMS
125,"['D421A', 'K454K']",2,1,non-synonymous,F4,-4.916225153522643,,Not in the DMS,Not in the DMS
126,"['D421A', 'K454N']",2,2,non-synonymous,F4,-4.221642111340377,,Not in the DMS,Not in the DMS
127,"['D421A', 'L461V']",2,2,non-synonymous,F4,-3.975188347345036,,Not in the DMS,Not in the DMS
128,"['D421A', 'L511I']",2,2,non-synonymous,F4,-5.066740151354634,,Not in the DMS,Not in the DMS
129,"['D421A', 'N435H', 'G465G']",3,2,non-synonymous,F4,-5.052097097130858,,Not in the DMS,Not in the DMS
130,"['D421A', 'N435H']",2,2,non-synonymous,F4,-4.224887172060443,,Not in the DMS,Not in the DMS
131,"['D421A', 'P424S']",2,2,non-synonymous,F4,-5.154785780882475,,Not in the DMS,Not in the DMS
132,"['D421A', 'P462A', 'G465G']",3,2,non-synonymous,F4,-5.066740151354634,,Not in the DMS,Not in the DMS
133,"['D421A', 'P462A']",2,2,non-synonymous,F4,-4.989769908043947,,Not in the DMS,Not in the DMS
134,"['D421A', 'P462T']",2,2,non-synonymous,F4,-5.152026771414256,,Not in the DMS,Not in the DMS
135,"['D421A', 'P501P']",2,1,non-synonymous,F4,-5.140284905875937,,Not in the DMS,Not in the DMS
136,"['D421A', 'P512L']",2,2,non-synonymous,F4,-4.827513044673637,,Not in the DMS,Not in the DMS
137,"['D421A', 'R467I']",2,2,non-synonymous,F4,-4.350249610736736,,Not in the DMS,Not in the DMS
138,"['D421A', 'R467S']",2,2,non-synonymous,F4,-5.066597972137396,,Not in the DMS,Not in the DMS
139,"['D421A', 'S458P']",2,2,non-synonymous,F4,-4.549359098225027,,Not in the DMS,Not in the DMS
140,"['D421A', 'T513T']",2,1,non-synonymous,F4,-5.066740151354634,,Not in the DMS,Not in the DMS
141,"['D421A', 'V445L']",2,2,non-synonymous,F4,-4.865497650756812,,Not in the DMS,Not in the DMS
142,"['D421A', 'V452A']",2,2,non-synonymous,F4,-4.850996775750275,,Not in the DMS,Not in the DMS
143,"['D421A', 'V478V']",2,1,non-synonymous,F4,-4.776076163791779,,Not in the DMS,Not in the DMS
144,"['D421A', 'V509I']",2,2,non-synonymous,F4,-3.827513044673637,,Not in the DMS,Not in the DMS
145,"['D421A', 'V509L']",2,2,non-synonymous,F4,-4.040355231592539,,Not in the DMS,Not in the DMS
146,"['D421A', 'V509V']",2,1,non-synonymous,F4,-5.140284905875937,,Not in the DMS,Not in the DMS
147,"['D421A', 'Y447Y']",2,1,non-synonymous,F4,-5.016012648588803,,Not in the DMS,Not in the DMS
148,"['D421A', 'Y460*']",2,2,stop,F4,-4.975935512358575,,Not in the DMS,Not in the DMS
149,"['D421A', 'Y460Y']",2,1,non-synonymous,F4,-4.801794604232708,,Not in the DMS,Not in the DMS
150,"['D421A', 'Y505*']",2,2,stop,F4,-4.87999852576335,,Not in the DMS,Not in the DMS
151,"['D421A', 'Y505Y']",2,1,non-synonymous,F4,-4.827513044673637,,Not in the DMS,Not in the DMS
154,"['D421G', 'F449C']",2,2,non-synonymous,F4,-5.066597972137396,,Not in the DMS,Not in the DMS
155,"['D421G', 'F449V']",2,2,non-synonymous,F4,-5.078482016892953,,Not in the DMS,Not in the DMS
156,"['D421G', 'G448D']",2,2,non-synonymous,F4,-4.952309602064698,,Not in the DMS,Not in the DMS
157,"['D421G', 'G448S']",2,2,non-synonymous,F4,-5.154785780882475,,Not in the DMS,Not in the DMS
158,"['D421G', 'G464S']",2,2,non-synonymous,F4,-4.549359098225027,,Not in the DMS,Not in the DMS
159,"['D421G', 'G465G']",2,1,non-synonymous,F4,-4.654785780882474,,Not in the DMS,Not in the DMS
160,"['D421G', 'N435H']",2,2,non-synonymous,F4,-4.978552342609556,,Not in the DMS,Not in the DMS
163,"['D421V', 'A430T']",2,2,non-synonymous,F4,-5.166527646420794,,Not in the DMS,Not in the DMS
164,"['D421V', 'A432D']",2,2,non-synonymous,F4,-4.87999852576335,,Not in the DMS,Not in the DMS
165,"['D421V', 'D428A']",2,2,non-synonymous,F4,-4.975935512358575,,Not in the DMS,Not in the DMS
166,"['D421V', 'F449C']",2,2,non-synonymous,F4,-4.952451781281937,,Not in the DMS,Not in the DMS
167,"['D421V', 'F449L']",2,2,non-synonymous,F4,-4.95216742284746,,Not in the DMS,Not in the DMS
168,"['D421V', 'F449S']",2,2,non-synonymous,F4,-5.004270783050484,,Not in the DMS,Not in the DMS
169,"['D421V', 'F449V']",2,2,non-synonymous,F4,-4.760070968099366,,Not in the DMS,Not in the DMS
170,"['D421V', 'F487L']",2,2,non-synonymous,F4,-5.066740151354634,,Not in the DMS,Not in the DMS
171,"['D421V', 'G448D']",2,2,non-synonymous,F4,-4.95216742284746,,Not in the DMS,Not in the DMS
172,"['D421V', 'G450E']",2,2,non-synonymous,F4,-4.743978626413665,,Not in the DMS,Not in the DMS
173,"['D421V', 'G450R', 'G465G']",3,2,non-synonymous,F4,-5.066597972137396,,Not in the DMS,Not in the DMS
174,"['D421V', 'G450R']",2,2,non-synonymous,F4,-4.717255149186624,,Not in the DMS,Not in the DMS
175,"['D421V', 'G464S', 'G465G']",3,2,non-synonymous,F4,-4.805300778714464,,Not in the DMS,Not in the DMS
176,"['D421V', 'G464S']",2,2,non-synonymous,F4,-4.482058517091312,,Not in the DMS,Not in the DMS
177,"['D421V', 'G465G', 'Y505*']",3,2,stop,F4,-4.754086762742219,,Not in the DMS,Not in the DMS
178,"['D421V', 'G465G']",2,1,non-synonymous,F4,-4.545008622077646,,Not in the DMS,Not in the DMS
179,"['D421V', 'G466S']",2,2,non-synonymous,F4,-4.978694521826793,,Not in the DMS,Not in the DMS
180,"['D421V', 'K454N']",2,2,non-synonymous,F4,-4.73060303166558,,Not in the DMS,Not in the DMS
181,"['D421V', 'L461V']",2,2,non-synonymous,F4,-4.801794604232708,,Not in the DMS,Not in the DMS
182,"['D421V', 'P512L']",2,2,non-synonymous,F4,-5.004270783050484,,Not in the DMS,Not in the DMS
183,"['D421V', 'V452A']",2,2,non-synonymous,F4,-4.865497650756812,,Not in the DMS,Not in the DMS
184,"['D421V', 'V509I']",2,2,non-synonymous,F4,-4.464193646820256,,Not in the DMS,Not in the DMS
185,"['D421V', 'Y505*']",2,2,stop,F4,-4.692017445427879,,Not in the DMS,Not in the DMS
197,"['D428Y', 'A432G']",2,2,non-synonymous,F4,-5.0522392763480966,,Not in the DMS,Not in the DMS
198,"['D428Y', 'G465G']",2,1,non-synonymous,F4,-5.152026771414256,,Not in the DMS,Not in the DMS
223,"['E391D', 'D421A']",2,2,non-synonymous,F4,-4.952309602064698,,Not in the DMS,Not in the DMS
224,"['E391D', 'G399G', 'D421A']",3,2,non-synonymous,F4,-5.154785780882475,,Not in the DMS,Not in the DMS
225,"['E391D', 'G399G']",2,1,non-synonymous,F4,-5.152026771414256,,Not in the DMS,Not in the DMS
226,"['E391D', 'P397P']",2,1,non-synonymous,F4,-4.901724278516106,,Not in the DMS,Not in the DMS
227,"['E391D', 'R414S']",2,2,non-synonymous,F4,-5.140284905875937,,Not in the DMS,Not in the DMS
231,"['E413*', 'G464S']",2,2,stop,F4,-4.801794604232708,,Not in the DMS,Not in the DMS
232,"['E413*', 'G465G']",2,1,stop,F4,-5.128543040337618,,Not in the DMS,Not in the DMS
235,"['E413D', 'L461V']",2,2,non-synonymous,F4,-4.964051467603017,,Not in the DMS,Not in the DMS
239,"['E413K', 'D421V']",2,2,non-synonymous,F4,-5.066740151354634,,Not in the DMS,Not in the DMS
240,"['E413K', 'G465G']",2,1,non-synonymous,F4,-4.975935512358575,,Not in the DMS,Not in the DMS
241,"['E413K', 'R414S']",2,2,non-synonymous,F4,-4.955815776546455,,Not in the DMS,Not in the DMS
245,"['E420*', 'D421V']",2,2,stop,F4,-5.066740151354634,,Not in the DMS,Not in the DMS
247,"['E420A', 'D421A']",2,2,non-synonymous,F4,-4.952451781281937,,Not in the DMS,Not in the DMS
251,"['E420G', 'D421G']",2,2,non-synonymous,F4,-5.0522392763480966,,Not in the DMS,Not in the DMS
252,"['E420G', 'N435H']",2,2,non-synonymous,F4,-4.850996775750275,,Not in the DMS,Not in the DMS
258,"['E444D', 'G464S']",2,2,non-synonymous,F4,-5.154785780882475,,Not in the DMS,Not in the DMS
260,"['E444G', 'G464S']",2,2,non-synonymous,F4,-5.154785780882475,,Not in the DMS,Not in the DMS
278,"['F380L', 'G464S']",2,2,non-synonymous,F4,-4.84138522725652,,Not in the DMS,Not in the DMS
284,"['F416I', 'G465G']",2,1,non-synonymous,F4,-4.839921389533122,,Not in the DMS,Not in the DMS
299,"['F449C', 'G465G']",2,1,non-synonymous,F4,-4.457665114998192,,Not in the DMS,Not in the DMS
302,"['F449I', 'G464S']",2,2,non-synonymous,F4,-5.040355231592539,,Not in the DMS,Not in the DMS
303,"['F449I', 'G465G']",2,1,non-synonymous,F4,-4.563091797655638,,Not in the DMS,Not in the DMS
305,"['F449L', 'G465G']",2,1,non-synonymous,F4,-4.593463628581675,,Not in the DMS,Not in the DMS
306,"['F449L', 'P515T']",2,2,non-synonymous,F4,-5.078482016892953,,Not in the DMS,Not in the DMS
307,"['F449L', 'Y505*']",2,2,stop,F4,-5.140284905875937,,Not in the DMS,Not in the DMS
309,"['F449S', 'G465G']",2,1,non-synonymous,F4,-4.952451781281937,,Not in the DMS,Not in the DMS
311,"['F449V', 'G465G']",2,1,non-synonymous,F4,-4.194904083851863,,Not in the DMS,Not in the DMS
312,"['F449V', 'H468H']",2,1,non-synonymous,F4,-5.078482016892953,,Not in the DMS,Not in the DMS
314,"['F449Y', 'G465G']",2,1,non-synonymous,F4,-4.359253477369225,,Not in the DMS,Not in the DMS
316,"['F463C', 'G465G']",2,1,non-synonymous,F4,-4.853755785218493,,Not in the DMS,Not in the DMS
319,"['F463I', 'G465G']",2,1,non-synonymous,F4,-4.952451781281937,,Not in the DMS,Not in the DMS
322,"['F463S', 'G465G']",2,1,non-synonymous,F4,-4.776076163791779,,Not in the DMS,Not in the DMS
324,"['F463V', 'G465G']",2,1,non-synonymous,F4,-4.549966780086294,,Not in the DMS,Not in the DMS
326,"['F463Y', 'G465G']",2,1,non-synonymous,F4,-4.853127092794839,,Not in the DMS,Not in the DMS
331,"['F475L', 'V478V']",2,1,non-synonymous,F4,-5.066740151354634,,Not in the DMS,Not in the DMS
338,"['F487L', 'Y505*']",2,2,stop,F4,-4.989769908043947,,Not in the DMS,Not in the DMS
344,"['G399G', 'A432V']",2,1,non-synonymous,F4,-4.901724278516106,,Not in the DMS,Not in the DMS
345,"['G399G', 'D421A', 'G465G']",3,1,non-synonymous,F4,-4.952451781281937,,Not in the DMS,Not in the DMS
346,"['G399G', 'D421A', 'N435H']",3,2,non-synonymous,F4,-5.140284905875937,,Not in the DMS,Not in the DMS
347,"['G399G', 'D421A']",2,1,non-synonymous,F4,-4.211804733353216,,Not in the DMS,Not in the DMS
348,"['G399G', 'D421G']",2,1,non-synonymous,F4,-5.0522392763480966,,Not in the DMS,Not in the DMS
349,"['G399G', 'D421V']",2,1,non-synonymous,F4,-4.850996775750275,,Not in the DMS,Not in the DMS
350,"['G399G', 'G450E']",2,1,non-synonymous,F4,-5.166527646420794,,Not in the DMS,Not in the DMS
351,"['G399G', 'G464S']",2,1,non-synonymous,F4,-4.776076163791779,,Not in the DMS,Not in the DMS
352,"['G399G', 'G465G']",2,0,synonymous,F4,-4.683781754371317,,Not in the DMS,Not in the DMS
353,"['G399G', 'L461V']",2,1,non-synonymous,F4,-4.827513044673637,,Not in the DMS,Not in the DMS
354,"['G399G', 'N435H']",2,1,non-synonymous,F4,-5.0522392763480966,,Not in the DMS,Not in the DMS
355,"['G399G', 'R414R']",2,0,synonymous,F4,-4.636960477077055,,Not in the DMS,Not in the DMS
356,"['G399G', 'R414S']",2,1,non-synonymous,F4,-4.629690256340968,,Not in the DMS,Not in the DMS
357,"['G399G', 'V509I']",2,1,non-synonymous,F4,-4.941314901539919,,Not in the DMS,Not in the DMS
358,"['G399G', 'Y415C']",2,1,non-synonymous,F4,-4.780205254172959,,Not in the DMS,Not in the DMS
359,"['G399G', 'Y415F']",2,1,non-synonymous,F4,-4.952451781281937,,Not in the DMS,Not in the DMS
360,"['G399G', 'Y415S']",2,1,non-synonymous,F4,-5.128543040337618,,Not in the DMS,Not in the DMS
364,"['G407C', 'G465G']",2,1,non-synonymous,F4,-5.140284905875937,,Not in the DMS,Not in the DMS
366,"['G407D', 'D421A']",2,2,non-synonymous,F4,-4.765567976473415,,Not in the DMS,Not in the DMS
367,"['G407D', 'D421V']",2,2,non-synonymous,F4,-5.152026771414256,,Not in the DMS,Not in the DMS
368,"['G407D', 'G450R']",2,2,non-synonymous,F4,-5.066740151354634,,Not in the DMS,Not in the DMS
369,"['G407D', 'G464S']",2,2,non-synonymous,F4,-4.805300778714464,,Not in the DMS,Not in the DMS
370,"['G407D', 'G465G']",2,1,non-synonymous,F4,-4.654785780882475,,Not in the DMS,Not in the DMS
371,"['G407D', 'R414R']",2,1,non-synonymous,F4,-4.952451781281937,,Not in the DMS,Not in the DMS
372,"['G407D', 'R414S']",2,2,non-synonymous,F4,-5.066740151354634,,Not in the DMS,Not in the DMS
373,"['G407D', 'V509L']",2,2,non-synonymous,F4,-4.84138522725652,,Not in the DMS,Not in the DMS
374,"['G407D', 'Y415F']",2,2,non-synonymous,F4,-5.154785780882475,,Not in the DMS,Not in the DMS
377,"['G407S', 'D421A']",2,2,non-synonymous,F4,-5.140284905875937,,Not in the DMS,Not in the DMS
378,"['G407S', 'G465G']",2,1,non-synonymous,F4,-4.713748974704867,,Not in the DMS,Not in the DMS
379,"['G407S', 'R414R']",2,1,non-synonymous,F4,-4.989769908043947,,Not in the DMS,Not in the DMS
380,"['G407S', 'R414S']",2,2,non-synonymous,F4,-5.140284905875937,,Not in the DMS,Not in the DMS
384,"['G448D', 'A516T']",2,2,non-synonymous,F4,-4.602824599896689,,Not in the DMS,Not in the DMS
385,"['G448D', 'D496D']",2,1,non-synonymous,F4,-4.801794604232708,,Not in the DMS,Not in the DMS
386,"['G448D', 'G465G']",2,1,non-synonymous,F4,-4.644048952130268,,Not in the DMS,Not in the DMS
387,"['G448D', 'K454N']",2,2,non-synonymous,F4,-5.040355231592539,,Not in the DMS,Not in the DMS
388,"['G448D', 'P503L']",2,2,non-synonymous,F4,-5.040355231592539,,Not in the DMS,Not in the DMS
391,"['G448S', 'G465G']",2,1,non-synonymous,F4,-4.333059442639381,,Not in the DMS,Not in the DMS
394,"['G450E', 'G465G']",2,1,non-synonymous,F4,-4.136178726243988,,Not in the DMS,Not in the DMS
397,"['G450R', 'A476V']",2,2,non-synonymous,F4,-5.066740151354634,,Not in the DMS,Not in the DMS
398,"['G450R', 'A516T']",2,2,non-synonymous,F4,-4.805300778714464,,Not in the DMS,Not in the DMS
399,"['G450R', 'G464S']",2,2,non-synonymous,F4,-4.952309602064698,,Not in the DMS,Not in the DMS
400,"['G450R', 'G465G']",2,1,non-synonymous,F4,-4.4295730360016,,Not in the DMS,Not in the DMS
401,"['G450R', 'H468H']",2,1,non-synonymous,F4,-5.066740151354634,,Not in the DMS,Not in the DMS
402,"['G450R', 'V478V']",2,1,non-synonymous,F4,-5.066740151354634,,Not in the DMS,Not in the DMS
405,"['G450W', 'G464S']",2,2,non-synonymous,F4,-5.066597972137396,,Not in the DMS,Not in the DMS
406,"['G450W', 'G465G']",2,1,non-synonymous,F4,-4.975935512358575,,Not in the DMS,Not in the DMS
414,"['G464D', 'G465G']",2,1,non-synonymous,F4,-5.140284905875937,,Not in the DMS,Not in the DMS
416,"['G464G', 'G465G']",2,0,synonymous,F4,-4.73060303166558,,Not in the DMS,Not in the DMS
417,"['G464G', 'G466S']",2,1,non-synonymous,F4,-4.894012887563472,,Not in the DMS,Not in the DMS
420,"['G464S', 'A476T']",2,2,non-synonymous,F4,-4.853755785218493,,Not in the DMS,Not in the DMS
421,"['G464S', 'A476V']",2,2,non-synonymous,F4,-4.95216742284746,,Not in the DMS,Not in the DMS
422,"['G464S', 'A516T']",2,2,non-synonymous,F4,-4.636960477077055,,Not in the DMS,Not in the DMS
423,"['G464S', 'D496D']",2,1,non-synonymous,F4,-4.952451781281937,,Not in the DMS,Not in the DMS
424,"['G464S', 'D496Y']",2,2,non-synonymous,F4,-5.128543040337618,,Not in the DMS,Not in the DMS
425,"['G464S', 'D504Y']",2,2,non-synonymous,F4,-5.066740151354634,,Not in the DMS,Not in the DMS
426,"['G464S', 'E473*']",2,2,stop,F4,-4.916225153522643,,Not in the DMS,Not in the DMS
427,"['G464S', 'E473D']",2,2,non-synonymous,F4,-5.040355231592539,,Not in the DMS,Not in the DMS
428,"['G464S', 'E514*']",2,2,stop,F4,-4.978694521826793,,Not in the DMS,Not in the DMS
429,"['G464S', 'G465C']",2,2,non-synonymous,F4,-5.154785780882475,,Not in the DMS,Not in the DMS
430,"['G464S', 'G465G', 'H468H']",3,1,non-synonymous,F4,-4.916225153522643,,Not in the DMS,Not in the DMS
431,"['G464S', 'G465G', 'R469R']",3,1,non-synonymous,F4,-5.154785780882475,,Not in the DMS,Not in the DMS
432,"['G464S', 'G465G', 'Y505*']",3,2,stop,F4,-5.004270783050484,,Not in the DMS,Not in the DMS
433,"['G464S', 'G465G']",2,1,non-synonymous,F4,-3.8385084289751,,Not in the DMS,Not in the DMS
434,"['G464S', 'G497G']",2,1,non-synonymous,F4,-4.827513044673637,,Not in the DMS,Not in the DMS
435,"['G464S', 'H468H']",2,1,non-synonymous,F4,-4.651137427183479,,Not in the DMS,Not in the DMS
436,"['G464S', 'H468Q']",2,2,non-synonymous,F4,-4.95216742284746,,Not in the DMS,Not in the DMS
437,"['G464S', 'I471M']",2,2,non-synonymous,F4,-5.154785780882475,,Not in the DMS,Not in the DMS
438,"['G464S', 'P501P']",2,1,non-synonymous,F4,-4.801794604232708,,Not in the DMS,Not in the DMS
439,"['G464S', 'P512P']",2,1,non-synonymous,F4,-4.916225153522643,,Not in the DMS,Not in the DMS
440,"['G464S', 'P515L']",2,2,non-synonymous,F4,-5.066597972137396,,Not in the DMS,Not in the DMS
441,"['G464S', 'P515Q']",2,2,non-synonymous,F4,-5.004270783050484,,Not in the DMS,Not in the DMS
442,"['G464S', 'P515T']",2,2,non-synonymous,F4,-4.828179523994803,,Not in the DMS,Not in the DMS
443,"['G464S', 'T482T']",2,1,non-synonymous,F4,-5.004270783050484,,Not in the DMS,Not in the DMS
444,"['G464S', 'T494A']",2,2,non-synonymous,F4,-5.040355231592539,,Not in the DMS,Not in the DMS
445,"['G464S', 'T513I']",2,2,non-synonymous,F4,-4.955815776546455,,Not in the DMS,Not in the DMS
446,"['G464S', 'T513T']",2,1,non-synonymous,F4,-5.154785780882475,,Not in the DMS,Not in the DMS
447,"['G464S', 'V478V']",2,1,non-synonymous,F4,-4.768321209417401,,Not in the DMS,Not in the DMS
448,"['G464S', 'V509I']",2,2,non-synonymous,F4,-4.602824599896689,,Not in the DMS,Not in the DMS
449,"['G464S', 'V509L']",2,2,non-synonymous,F4,-4.753339597728679,,Not in the DMS,Not in the DMS
450,"['G464S', 'W493L']",2,2,non-synonymous,F4,-5.004270783050484,,Not in the DMS,Not in the DMS
451,"['G464S', 'Y477Y']",2,1,non-synonymous,F4,-5.004270783050484,,Not in the DMS,Not in the DMS
452,"['G464S', 'Y505*']",2,2,stop,F4,-4.61780621158541,,Not in the DMS,Not in the DMS
453,"['G464S', 'Y505Y']",2,1,non-synonymous,F4,-4.740133894466962,,Not in the DMS,Not in the DMS
458,"['G465G', 'A476E']",2,1,non-synonymous,F4,-4.779582338273536,,Not in the DMS,Not in the DMS
459,"['G465G', 'A476T']",2,1,non-synonymous,F4,-4.916225153522643,,Not in the DMS,Not in the DMS
460,"['G465G', 'A476V']",2,1,non-synonymous,F4,-5.0522392763480966,,Not in the DMS,Not in the DMS
461,"['G465G', 'A516T']",2,1,non-synonymous,F4,-4.86412179331962,,Not in the DMS,Not in the DMS
462,"['G465G', 'C470G']",2,1,non-synonymous,F4,-5.152026771414256,,Not in the DMS,Not in the DMS
463,"['G465G', 'C470W']",2,1,non-synonymous,F4,-4.828037344777565,,Not in the DMS,Not in the DMS
464,"['G465G', 'D496D']",2,0,synonymous,F4,-4.95216742284746,,Not in the DMS,Not in the DMS
465,"['G465G', 'D496N']",2,1,non-synonymous,F4,-4.867770147018614,,Not in the DMS,Not in the DMS
466,"['G465G', 'E473*']",2,1,stop,F4,-5.128543040337618,,Not in the DMS,Not in the DMS
467,"['G465G', 'E473D']",2,1,non-synonymous,F4,-4.527816007651987,,Not in the DMS,Not in the DMS
468,"['G465G', 'F475C']",2,1,non-synonymous,F4,-4.853755785218493,,Not in the DMS,Not in the DMS
469,"['G465G', 'F475F']",2,0,synonymous,F4,-4.790799903707928,,Not in the DMS,Not in the DMS
470,"['G465G', 'F475L']",2,1,non-synonymous,F4,-5.0522392763480966,,Not in the DMS,Not in the DMS
471,"['G465G', 'F487C']",2,1,non-synonymous,F4,-4.508029052780582,,Not in the DMS,Not in the DMS
472,"['G465G', 'F487L', 'Y505*']",3,2,stop,F4,-4.952451781281937,,Not in the DMS,Not in the DMS
473,"['G465G', 'F487L']",2,1,non-synonymous,F4,-4.253197418511442,,Not in the DMS,Not in the DMS
474,"['G465G', 'G466G', 'V478V']",3,0,synonymous,F4,-5.040355231592539,,Not in the DMS,Not in the DMS
475,"['G465G', 'G466G']",2,0,synonymous,F4,-4.8676279678013765,,Not in the DMS,Not in the DMS
476,"['G465G', 'G466S']",2,1,non-synonymous,F4,-4.663021471939036,,Not in the DMS,Not in the DMS
477,"['G465G', 'G472G', 'Y505*']",3,1,stop,F4,-4.975935512358575,,Not in the DMS,Not in the DMS
478,"['G465G', 'G472G']",2,0,synonymous,F4,-4.636960477077055,,Not in the DMS,Not in the DMS
479,"['G465G', 'G481G']",2,0,synonymous,F4,-5.140284905875937,,Not in the DMS,Not in the DMS
480,"['G465G', 'G497G']",2,0,synonymous,F4,-4.952451781281937,,Not in the DMS,Not in the DMS
481,"['G465G', 'H468D']",2,1,non-synonymous,F4,-5.00493726237165,,Not in the DMS,Not in the DMS
482,"['G465G', 'H468H', 'Y505*']",3,1,stop,F4,-4.853755785218493,,Not in the DMS,Not in the DMS
483,"['G465G', 'H468H']",2,0,synonymous,F4,-4.674905516694594,,Not in the DMS,Not in the DMS
484,"['G465G', 'H468N']",2,1,non-synonymous,F4,-4.702754274180087,,Not in the DMS,Not in the DMS
485,"['G465G', 'H468P']",2,1,non-synonymous,F4,-5.0522392763480966,,Not in the DMS,Not in the DMS
486,"['G465G', 'H468Q']",2,1,non-synonymous,F4,-4.651137427183479,,Not in the DMS,Not in the DMS
487,"['G465G', 'I471I']",2,0,synonymous,F4,-4.839254910211956,,Not in the DMS,Not in the DMS
488,"['G465G', 'I471M']",2,1,non-synonymous,F4,-4.73060303166558,,Not in the DMS,Not in the DMS
489,"['G465G', 'I471R']",2,1,non-synonymous,F4,-4.978552342609556,,Not in the DMS,Not in the DMS
490,"['G465G', 'I471V']",2,1,non-synonymous,F4,-4.964193646820256,,Not in the DMS,Not in the DMS
491,"['G465G', 'I483R']",2,1,non-synonymous,F4,-5.0522392763480966,,Not in the DMS,Not in the DMS
492,"['G465G', 'K499E']",2,1,non-synonymous,F4,-4.975935512358575,,Not in the DMS,Not in the DMS
493,"['G465G', 'L480L']",2,0,synonymous,F4,-4.827513044673637,,Not in the DMS,Not in the DMS
494,"['G465G', 'L480R']",2,1,non-synonymous,F4,-5.078482016892953,,Not in the DMS,Not in the DMS
495,"['G465G', 'L484L']",2,0,synonymous,F4,-4.975935512358575,,Not in the DMS,Not in the DMS
496,"['G465G', 'L511I']",2,1,non-synonymous,F4,-5.0522392763480966,,Not in the DMS,Not in the DMS
497,"['G465G', 'M508K']",2,1,non-synonymous,F4,-5.166527646420794,,Not in the DMS,Not in the DMS
498,"['G465G', 'N490T']",2,1,non-synonymous,F4,-4.853269272012078,,Not in the DMS,Not in the DMS
499,"['G465G', 'P501P']",2,0,synonymous,F4,-4.84138522725652,,Not in the DMS,Not in the DMS
500,"['G465G', 'P512L']",2,1,non-synonymous,F4,-4.600694282852125,,Not in the DMS,Not in the DMS
501,"['G465G', 'P512P']",2,0,synonymous,F4,-5.128543040337618,,Not in the DMS,Not in the DMS
502,"['G465G', 'P512S']",2,1,non-synonymous,F4,-4.805300778714465,,Not in the DMS,Not in the DMS
503,"['G465G', 'P512T']",2,1,non-synonymous,F4,-5.078482016892953,,Not in the DMS,Not in the DMS
504,"['G465G', 'P515Q']",2,1,non-synonymous,F4,-5.154785780882475,,Not in the DMS,Not in the DMS
505,"['G465G', 'P515S']",2,1,non-synonymous,F4,-5.0522392763480966,,Not in the DMS,Not in the DMS
506,"['G465G', 'P515T']",2,1,non-synonymous,F4,-4.614708644652247,,Not in the DMS,Not in the DMS
507,"['G465G', 'Q479K']",2,1,non-synonymous,F4,-4.975935512358575,,Not in the DMS,Not in the DMS
508,"['G465G', 'Q479Q']",2,0,synonymous,F4,-4.828037344777565,,Not in the DMS,Not in the DMS
509,"['G465G', 'Q479R']",2,1,non-synonymous,F4,-5.128543040337618,,Not in the DMS,Not in the DMS
510,"['G465G', 'R467R', 'F487C']",3,1,non-synonymous,F4,-4.964193646820256,,Not in the DMS,Not in the DMS
511,"['G465G', 'R467R']",2,0,synonymous,F4,-4.952451781281937,,Not in the DMS,Not in the DMS
512,"['G465G', 'R467S']",2,1,non-synonymous,F4,-4.86412179331962,,Not in the DMS,Not in the DMS
513,"['G465G', 'R469R']",2,0,synonymous,F4,-4.505417999053834,,Not in the DMS,Not in the DMS
514,"['G465G', 'S507T']",2,1,non-synonymous,F4,-4.952309602064698,,Not in the DMS,Not in the DMS
515,"['G465G', 'T482A']",2,1,non-synonymous,F4,-4.95216742284746,,Not in the DMS,Not in the DMS
516,"['G465G', 'T482P']",2,1,non-synonymous,F4,-5.00493726237165,,Not in the DMS,Not in the DMS
517,"['G465G', 'T482T']",2,0,synonymous,F4,-4.753197418511442,,Not in the DMS,Not in the DMS
518,"['G465G', 'T485T']",2,0,synonymous,F4,-5.0522392763480966,,Not in the DMS,Not in the DMS
519,"['G465G', 'T486K']",2,1,non-synonymous,F4,-5.166527646420794,,Not in the DMS,Not in the DMS
520,"['G465G', 'T486M']",2,1,non-synonymous,F4,-5.078482016892953,,Not in the DMS,Not in the DMS
521,"['G465G', 'T494A']",2,1,non-synonymous,F4,-5.0522392763480966,,Not in the DMS,Not in the DMS
522,"['G465G', 'T513I']",2,1,non-synonymous,F4,-5.016012648588803,,Not in the DMS,Not in the DMS
523,"['G465G', 'T513T']",2,0,synonymous,F4,-4.952451781281937,,Not in the DMS,Not in the DMS
524,"['G465G', 'V478G', 'Y505*']",3,2,stop,F4,-4.779582338273536,,Not in the DMS,Not in the DMS
525,"['G465G', 'V478G']",2,1,non-synonymous,F4,-4.853127092794839,,Not in the DMS,Not in the DMS
526,"['G465G', 'V478V', 'Y505Y']",3,0,synonymous,F4,-5.152026771414256,,Not in the DMS,Not in the DMS
527,"['G465G', 'V478V']",2,0,synonymous,F4,-4.95216742284746,,Not in the DMS,Not in the DMS
528,"['G465G', 'V500D']",2,1,non-synonymous,F4,-4.677664526162812,,Not in the DMS,Not in the DMS
529,"['G465G', 'V509I']",2,1,non-synonymous,F4,-4.498814257638912,,Not in the DMS,Not in the DMS
530,"['G465G', 'V509L']",2,1,non-synonymous,F4,-4.239325235928558,,Not in the DMS,Not in the DMS
531,"['G465G', 'V509V']",2,0,synonymous,F4,-5.078482016892953,,Not in the DMS,Not in the DMS
532,"['G465G', 'Y477C']",2,1,non-synonymous,F4,-5.066597972137396,,Not in the DMS,Not in the DMS
533,"['G465G', 'Y477D']",2,1,non-synonymous,F4,-4.554227414175423,,Not in the DMS,Not in the DMS
534,"['G465G', 'Y489*']",2,1,stop,F4,-4.952451781281937,,Not in the DMS,Not in the DMS
535,"['G465G', 'Y489D']",2,1,non-synonymous,F4,-5.140284905875937,,Not in the DMS,Not in the DMS
536,"['G465G', 'Y489H']",2,1,non-synonymous,F4,-5.00493726237165,,Not in the DMS,Not in the DMS
537,"['G465G', 'Y489Y']",2,0,synonymous,F4,-5.0522392763480966,,Not in the DMS,Not in the DMS
538,"['G465G', 'Y505*']",2,1,stop,F4,-3.9473395898595434,,Not in the DMS,Not in the DMS
539,"['G465G', 'Y505Y']",2,0,synonymous,F4,-4.554227414175423,,Not in the DMS,Not in the DMS
546,"['G466G', 'H468H']",2,0,synonymous,F4,-5.140284905875937,,Not in the DMS,Not in the DMS
553,"['G472G', 'F487L']",2,1,non-synonymous,F4,-5.066597972137396,,Not in the DMS,Not in the DMS
554,"['G472G', 'V478G']",2,1,non-synonymous,F4,-4.964193646820256,,Not in the DMS,Not in the DMS
555,"['G472G', 'Y505*']",2,1,stop,F4,-4.765710155690653,,Not in the DMS,Not in the DMS
565,"['G497G', 'V509I']",2,1,non-synonymous,F4,-5.140284905875937,,Not in the DMS,Not in the DMS
577,"['H377P', 'G465G']",2,1,non-synonymous,F4,-5.066740151354634,,Not in the DMS,Not in the DMS
578,"['H377P', 'R381S']",2,2,non-synonymous,F4,-4.8760058380751765,,Not in the DMS,Not in the DMS
594,"['H468H', 'G472G']",2,0,synonymous,F4,-5.0522392763480966,,Not in the DMS,Not in the DMS
595,"['H468H', 'R469R']",2,0,synonymous,F4,-4.964051467603017,,Not in the DMS,Not in the DMS
596,"['H468H', 'V478V']",2,0,synonymous,F4,-4.901582099298867,,Not in the DMS,Not in the DMS
597,"['H468H', 'V509I']",2,1,non-synonymous,F4,-4.853269272012078,,Not in the DMS,Not in the DMS
598,"['H468H', 'V509L']",2,1,non-synonymous,F4,-4.952309602064698,,Not in the DMS,Not in the DMS
599,"['H468H', 'Y505*']",2,1,stop,F4,-4.756845772210436,,Not in the DMS,Not in the DMS
603,"['H468Q', 'V478V']",2,1,non-synonymous,F4,-5.0522392763480966,,Not in the DMS,Not in the DMS
604,"['H468Q', 'V509I']",2,2,non-synonymous,F4,-4.95216742284746,,Not in the DMS,Not in the DMS
605,"['H468Q', 'Y505*']",2,2,stop,F4,-5.154785780882475,,Not in the DMS,Not in the DMS
606,"['H468Q', 'Y505Y']",2,1,non-synonymous,F4,-5.166527646420794,,Not in the DMS,Not in the DMS
614,"['I389L', 'D421A']",2,2,non-synonymous,F4,-4.602824599896689,,Not in the DMS,Not in the DMS
615,"['I389L', 'G465G']",2,1,non-synonymous,F4,-5.00493726237165,,Not in the DMS,Not in the DMS
616,"['I389L', 'K398Q']",2,2,non-synonymous,F4,-5.140284905875937,,Not in the DMS,Not in the DMS
617,"['I389L', 'P397P']",2,1,non-synonymous,F4,-5.154785780882475,,Not in the DMS,Not in the DMS
618,"['I389L', 'R414R']",2,1,non-synonymous,F4,-4.813678648988265,,Not in the DMS,Not in the DMS
619,"['I389L', 'R414S']",2,2,non-synonymous,F4,-4.73060303166558,,Not in the DMS,Not in the DMS
620,"['I389L', 'Y415C']",2,2,non-synonymous,F4,-4.975935512358575,,Not in the DMS,Not in the DMS
621,"['I389L', 'Y415S']",2,2,non-synonymous,F4,-5.128543040337618,,Not in the DMS,Not in the DMS
639,"['I483T', 'V509I']",2,2,non-synonymous,F4,-5.140284905875937,,Not in the DMS,Not in the DMS
642,"['I495I', 'D496D']",2,0,synonymous,F4,-5.052097097130858,,Not in the DMS,Not in the DMS
655,"['K382N', 'R414S']",2,2,non-synonymous,F4,-5.0522392763480966,,Not in the DMS,Not in the DMS
660,"['K398K', 'G464S']",2,1,non-synonymous,F4,-4.952309602064698,,Not in the DMS,Not in the DMS
661,"['K398K', 'G465G']",2,0,synonymous,F4,-5.066740151354634,,Not in the DMS,Not in the DMS
662,"['K398K', 'L461V']",2,1,non-synonymous,F4,-5.152026771414256,,Not in the DMS,Not in the DMS
663,"['K398K', 'V509I']",2,1,non-synonymous,F4,-5.128543040337618,,Not in the DMS,Not in the DMS
666,"['K398Q', 'R414S']",2,2,non-synonymous,F4,-4.989769908043947,,Not in the DMS,Not in the DMS
674,"['K433N', 'G464S']",2,2,non-synonymous,F4,-5.040355231592539,,Not in the DMS,Not in the DMS
676,"['K433Q', 'N435H']",2,2,non-synonymous,F4,-5.166527646420794,,Not in the DMS,Not in the DMS
679,"['K451E', 'G465G']",2,1,non-synonymous,F4,-5.154785780882475,,Not in the DMS,Not in the DMS
681,"['K451I', 'G465G']",2,1,non-synonymous,F4,-4.629209519658784,,Not in the DMS,Not in the DMS
689,"['K454K', 'G464S']",2,1,non-synonymous,F4,-4.95216742284746,,Not in the DMS,Not in the DMS
690,"['K454K', 'G465G']",2,0,synonymous,F4,-4.87999852576335,,Not in the DMS,Not in the DMS
692,"['K454N', 'A516T']",2,2,non-synonymous,F4,-4.952309602064698,,Not in the DMS,Not in the DMS
693,"['K454N', 'G465G']",2,1,non-synonymous,F4,-4.067085169120494,,Not in the DMS,Not in the DMS
704,"['L376I', 'D421A']",2,2,non-synonymous,F4,-5.140284905875937,,Not in the DMS,Not in the DMS
705,"['L376I', 'D421V']",2,2,non-synonymous,F4,-5.052097097130858,,Not in the DMS,Not in the DMS
718,"['L403I', 'G465G']",2,1,non-synonymous,F4,-5.152026771414256,,Not in the DMS,Not in the DMS
725,"['L461I', 'G465G']",2,1,non-synonymous,F4,-5.016012648588803,,Not in the DMS,Not in the DMS
727,"['L461L', 'G465G']",2,0,synonymous,F4,-4.839254910211956,,Not in the DMS,Not in the DMS
728,"['L461L', 'H468Q']",2,1,non-synonymous,F4,-5.140284905875937,,Not in the DMS,Not in the DMS
731,"['L461V', 'A476V']",2,2,non-synonymous,F4,-4.901582099298867,,Not in the DMS,Not in the DMS
732,"['L461V', 'A516T']",2,2,non-synonymous,F4,-4.717112969969386,,Not in the DMS,Not in the DMS
733,"['L461V', 'D496D']",2,1,non-synonymous,F4,-4.806447994717815,,Not in the DMS,Not in the DMS
734,"['L461V', 'G465G', 'F487L']",3,2,non-synonymous,F4,-5.154785780882475,,Not in the DMS,Not in the DMS
735,"['L461V', 'G465G']",2,1,non-synonymous,F4,-4.295361505242219,,Not in the DMS,Not in the DMS
736,"['L461V', 'G497G']",2,1,non-synonymous,F4,-4.901582099298867,,Not in the DMS,Not in the DMS
737,"['L461V', 'H468H']",2,1,non-synonymous,F4,-4.894493624245656,,Not in the DMS,Not in the DMS
738,"['L461V', 'H468Q']",2,2,non-synonymous,F4,-4.989769908043947,,Not in the DMS,Not in the DMS
739,"['L461V', 'P462T']",2,2,non-synonymous,F4,-4.868250883700799,,Not in the DMS,Not in the DMS
740,"['L461V', 'P501P']",2,1,non-synonymous,F4,-4.967557642084775,,Not in the DMS,Not in the DMS
741,"['L461V', 'P512L']",2,2,non-synonymous,F4,-5.152026771414256,,Not in the DMS,Not in the DMS
742,"['L461V', 'T482T']",2,1,non-synonymous,F4,-4.889840233760548,,Not in the DMS,Not in the DMS
743,"['L461V', 'V478V']",2,1,non-synonymous,F4,-4.95216742284746,,Not in the DMS,Not in the DMS
744,"['L461V', 'V509I']",2,2,non-synonymous,F4,-4.95216742284746,,Not in the DMS,Not in the DMS
745,"['L461V', 'Y505*']",2,2,stop,F4,-4.894493624245656,,Not in the DMS,Not in the DMS
767,"['M374L', 'D421A']",2,2,non-synonymous,F4,-4.593463628581675,,Not in the DMS,Not in the DMS
768,"['M374L', 'D421V']",2,2,non-synonymous,F4,-5.00493726237165,,Not in the DMS,Not in the DMS
769,"['M374L', 'G465G']",2,1,non-synonymous,F4,-5.0522392763480966,,Not in the DMS,Not in the DMS
794,"['N418H', 'D421A']",2,2,non-synonymous,F4,-4.756845772210436,,Not in the DMS,Not in the DMS
795,"['N418H', 'G465G']",2,1,non-synonymous,F4,-5.052097097130858,,Not in the DMS,Not in the DMS
803,"['N435H', 'G464S']",2,2,non-synonymous,F4,-4.660283473033206,,Not in the DMS,Not in the DMS
804,"['N435H', 'G465G']",2,1,non-synonymous,F4,-4.802541769246247,,Not in the DMS,Not in the DMS
805,"['N435H', 'L461V']",2,2,non-synonymous,F4,-4.751209280684115,,Not in the DMS,Not in the DMS
806,"['N435H', 'V509I']",2,2,non-synonymous,F4,-4.989769908043947,,Not in the DMS,Not in the DMS
811,"['N440D', 'E514E']",2,1,non-synonymous,F4,-3.956696564218451,,Not in the DMS,Not in the DMS
822,"['P375H', 'A409T']",2,2,non-synonymous,F4,-5.00493726237165,,Not in the DMS,Not in the DMS
823,"['P375H', 'A430T']",2,2,non-synonymous,F4,-4.952309602064698,,Not in the DMS,Not in the DMS
824,"['P375H', 'A432T']",2,2,non-synonymous,F4,-4.952309602064698,,Not in the DMS,Not in the DMS
825,"['P375H', 'A476T']",2,2,non-synonymous,F4,-5.166527646420794,,Not in the DMS,Not in the DMS
826,"['P375H', 'A516T']",2,2,non-synonymous,F4,-5.140284905875937,,Not in the DMS,Not in the DMS
827,"['P375H', 'D421A']",2,2,non-synonymous,F4,-4.016012648588802,,Not in the DMS,Not in the DMS
828,"['P375H', 'D421G']",2,2,non-synonymous,F4,-4.95216742284746,,Not in the DMS,Not in the DMS
829,"['P375H', 'D421V']",2,2,non-synonymous,F4,-4.636960477077055,,Not in the DMS,Not in the DMS
830,"['P375H', 'E413*']",2,2,stop,F4,-5.078482016892953,,Not in the DMS,Not in the DMS
831,"['P375H', 'F449C']",2,2,non-synonymous,F4,-5.00493726237165,,Not in the DMS,Not in the DMS
832,"['P375H', 'F449L']",2,2,non-synonymous,F4,-4.827513044673637,,Not in the DMS,Not in the DMS
833,"['P375H', 'F449V']",2,2,non-synonymous,F4,-4.564467655092831,,Not in the DMS,Not in the DMS
834,"['P375H', 'G399G']",2,1,non-synonymous,F4,-4.801794604232708,,Not in the DMS,Not in the DMS
835,"['P375H', 'G448D']",2,2,non-synonymous,F4,-4.554227414175423,,Not in the DMS,Not in the DMS
836,"['P375H', 'G448S']",2,2,non-synonymous,F4,-5.154785780882475,,Not in the DMS,Not in the DMS
837,"['P375H', 'G450E']",2,2,non-synonymous,F4,-4.695523619909636,,Not in the DMS,Not in the DMS
838,"['P375H', 'G450R']",2,2,non-synonymous,F4,-4.677664526162812,,Not in the DMS,Not in the DMS
839,"['P375H', 'G464S']",2,2,non-synonymous,F4,-4.335930481413074,,Not in the DMS,Not in the DMS
840,"['P375H', 'G465G']",2,1,non-synonymous,F4,-4.526483049009656,,Not in the DMS,Not in the DMS
841,"['P375H', 'G466G']",2,1,non-synonymous,F4,-5.140284905875937,,Not in the DMS,Not in the DMS
842,"['P375H', 'G466S']",2,2,non-synonymous,F4,-5.004270783050484,,Not in the DMS,Not in the DMS
843,"['P375H', 'G497W']",2,2,non-synonymous,F4,-5.140284905875937,,Not in the DMS,Not in the DMS
844,"['P375H', 'H468H']",2,1,non-synonymous,F4,-4.95216742284746,,Not in the DMS,Not in the DMS
845,"['P375H', 'K398K']",2,1,non-synonymous,F4,-5.066597972137396,,Not in the DMS,Not in the DMS
846,"['P375H', 'K454N']",2,2,non-synonymous,F4,-4.6908702294245295,,Not in the DMS,Not in the DMS
847,"['P375H', 'L461V']",2,2,non-synonymous,F4,-4.4295730360016,,Not in the DMS,Not in the DMS
848,"['P375H', 'N435H']",2,2,non-synonymous,F4,-4.95216742284746,,Not in the DMS,Not in the DMS
849,"['P375H', 'P390P']",2,1,non-synonymous,F4,-5.0522392763480966,,Not in the DMS,Not in the DMS
850,"['P375H', 'P397P']",2,1,non-synonymous,F4,-5.066740151354634,,Not in the DMS,Not in the DMS
851,"['P375H', 'P462T']",2,2,non-synonymous,F4,-5.0522392763480966,,Not in the DMS,Not in the DMS
852,"['P375H', 'P515T']",2,2,non-synonymous,F4,-5.166527646420794,,Not in the DMS,Not in the DMS
853,"['P375H', 'R414R']",2,1,non-synonymous,F4,-4.725490840243186,,Not in the DMS,Not in the DMS
854,"['P375H', 'R414S']",2,2,non-synonymous,F4,-4.253481776945918,,Not in the DMS,Not in the DMS
855,"['P375H', 'R469R']",2,1,non-synonymous,F4,-5.140284905875937,,Not in the DMS,Not in the DMS
856,"['P375H', 'S405S']",2,1,non-synonymous,F4,-5.140284905875937,,Not in the DMS,Not in the DMS
857,"['P375H', 'V396V']",2,1,non-synonymous,F4,-4.941314901539919,,Not in the DMS,Not in the DMS
858,"['P375H', 'V478V']",2,1,non-synonymous,F4,-4.941314901539919,,Not in the DMS,Not in the DMS
859,"['P375H', 'V509I']",2,2,non-synonymous,F4,-4.464193646820256,,Not in the DMS,Not in the DMS
860,"['P375H', 'Y415C', 'G465G']",3,2,non-synonymous,F4,-5.140284905875937,,Not in the DMS,Not in the DMS
861,"['P375H', 'Y415C']",2,2,non-synonymous,F4,-4.975935512358575,,Not in the DMS,Not in the DMS
862,"['P375H', 'Y415F']",2,2,non-synonymous,F4,-4.688739912379965,,Not in the DMS,Not in the DMS
863,"['P375H', 'Y415S']",2,2,non-synonymous,F4,-5.152026771414256,,Not in the DMS,Not in the DMS
864,"['P375H', 'Y447Y']",2,1,non-synonymous,F4,-4.952451781281937,,Not in the DMS,Not in the DMS
865,"['P375H', 'Y505*']",2,2,stop,F4,-5.016012648588803,,Not in the DMS,Not in the DMS
867,"['P375L', 'A409T']",2,2,non-synonymous,F4,-4.853269272012078,,Not in the DMS,Not in the DMS
868,"['P375L', 'A430T']",2,2,non-synonymous,F4,-5.152026771414256,,Not in the DMS,Not in the DMS
869,"['P375L', 'A430V']",2,2,non-synonymous,F4,-4.964051467603017,,Not in the DMS,Not in the DMS
870,"['P375L', 'A431T']",2,2,non-synonymous,F4,-4.916225153522643,,Not in the DMS,Not in the DMS
871,"['P375L', 'A432G']",2,2,non-synonymous,F4,-4.989769908043947,,Not in the DMS,Not in the DMS
872,"['P375L', 'A434V']",2,2,non-synonymous,F4,-5.128543040337618,,Not in the DMS,Not in the DMS
873,"['P375L', 'A476T']",2,2,non-synonymous,F4,-5.066740151354634,,Not in the DMS,Not in the DMS
874,"['P375L', 'A476V']",2,2,non-synonymous,F4,-4.95216742284746,,Not in the DMS,Not in the DMS
875,"['P375L', 'A516T']",2,2,non-synonymous,F4,-4.651137427183479,,Not in the DMS,Not in the DMS
876,"['P375L', 'D421A']",2,2,non-synonymous,F4,-3.986930212883355,,Not in the DMS,Not in the DMS
877,"['P375L', 'D421G']",2,2,non-synonymous,F4,-5.040355231592539,,Not in the DMS,Not in the DMS
878,"['P375L', 'D421V']",2,2,non-synonymous,F4,-4.4530567670782375,,Not in the DMS,Not in the DMS
879,"['P375L', 'E391D']",2,2,non-synonymous,F4,-5.066597972137396,,Not in the DMS,Not in the DMS
880,"['P375L', 'E514*']",2,2,stop,F4,-5.154785780882475,,Not in the DMS,Not in the DMS
881,"['P375L', 'F449L']",2,2,non-synonymous,F4,-4.607958727063981,,Not in the DMS,Not in the DMS
882,"['P375L', 'F449S']",2,2,non-synonymous,F4,-5.004270783050484,,Not in the DMS,Not in the DMS
883,"['P375L', 'F449V']",2,2,non-synonymous,F4,-4.777452021228972,,Not in the DMS,Not in the DMS
884,"['P375L', 'F449Y']",2,2,non-synonymous,F4,-4.794706129179496,,Not in the DMS,Not in the DMS
885,"['P375L', 'F463I']",2,2,non-synonymous,F4,-5.154785780882475,,Not in the DMS,Not in the DMS
886,"['P375L', 'G407D']",2,2,non-synonymous,F4,-4.95216742284746,,Not in the DMS,Not in the DMS
887,"['P375L', 'G448D']",2,2,non-synonymous,F4,-4.112444278889524,,Not in the DMS,Not in the DMS
888,"['P375L', 'G450E']",2,2,non-synonymous,F4,-4.751875760005281,,Not in the DMS,Not in the DMS
889,"['P375L', 'G450R']",2,2,non-synonymous,F4,-4.776076163791779,,Not in the DMS,Not in the DMS
890,"['P375L', 'G464S']",2,2,non-synonymous,F4,-4.408099378497185,,Not in the DMS,Not in the DMS
891,"['P375L', 'G465G', 'Y505*']",3,2,stop,F4,-4.952309602064698,,Not in the DMS,Not in the DMS
892,"['P375L', 'G465G']",2,1,non-synonymous,F4,-4.279459406772977,,Not in the DMS,Not in the DMS
893,"['P375L', 'G466D']",2,2,non-synonymous,F4,-4.989769908043947,,Not in the DMS,Not in the DMS
894,"['P375L', 'H468H']",2,1,non-synonymous,F4,-4.975935512358575,,Not in the DMS,Not in the DMS
895,"['P375L', 'H468Q']",2,2,non-synonymous,F4,-4.975935512358575,,Not in the DMS,Not in the DMS
896,"['P375L', 'I471M']",2,2,non-synonymous,F4,-5.154785780882475,,Not in the DMS,Not in the DMS
897,"['P375L', 'K398K']",2,1,non-synonymous,F4,-5.140284905875937,,Not in the DMS,Not in the DMS
898,"['P375L', 'K451I']",2,2,non-synonymous,F4,-5.066740151354634,,Not in the DMS,Not in the DMS
899,"['P375L', 'K454K']",2,1,non-synonymous,F4,-5.152026771414256,,Not in the DMS,Not in the DMS
900,"['P375L', 'K454N']",2,2,non-synonymous,F4,-4.717255149186625,,Not in the DMS,Not in the DMS
901,"['P375L', 'L461V']",2,2,non-synonymous,F4,-4.1908702294245295,,Not in the DMS,Not in the DMS
902,"['P375L', 'M508I']",2,2,non-synonymous,F4,-5.066740151354634,,Not in the DMS,Not in the DMS
903,"['P375L', 'N435H']",2,2,non-synonymous,F4,-4.776076163791779,,Not in the DMS,Not in the DMS
904,"['P375L', 'P390P']",2,1,non-synonymous,F4,-4.790799903707928,,Not in the DMS,Not in the DMS
905,"['P375L', 'P397P']",2,1,non-synonymous,F4,-4.651137427183479,,Not in the DMS,Not in the DMS
906,"['P375L', 'P462T']",2,2,non-synonymous,F4,-4.964193646820256,,Not in the DMS,Not in the DMS
907,"['P375L', 'P503T']",2,2,non-synonymous,F4,-5.140284905875937,,Not in the DMS,Not in the DMS
908,"['P375L', 'P512L']",2,2,non-synonymous,F4,-4.805300778714464,,Not in the DMS,Not in the DMS
909,"['P375L', 'P515S']",2,2,non-synonymous,F4,-4.801794604232708,,Not in the DMS,Not in the DMS
910,"['P375L', 'P515T']",2,2,non-synonymous,F4,-4.663163651156275,,Not in the DMS,Not in the DMS
911,"['P375L', 'R414R']",2,1,non-synonymous,F4,-4.674905516694594,,Not in the DMS,Not in the DMS
912,"['P375L', 'R414S', 'G465G']",3,2,non-synonymous,F4,-4.955815776546455,,Not in the DMS,Not in the DMS
913,"['P375L', 'R414S']",2,2,non-synonymous,F4,-4.430578072787711,,Not in the DMS,Not in the DMS
914,"['P375L', 'R469S']",2,2,non-synonymous,F4,-4.952309602064698,,Not in the DMS,Not in the DMS
915,"['P375L', 'S458P']",2,2,non-synonymous,F4,-4.853755785218493,,Not in the DMS,Not in the DMS
916,"['P375L', 'T384P']",2,2,non-synonymous,F4,-4.964193646820256,,Not in the DMS,Not in the DMS
917,"['P375L', 'T411M']",2,2,non-synonymous,F4,-4.989769908043947,,Not in the DMS,Not in the DMS
918,"['P375L', 'V404V']",2,1,non-synonymous,F4,-5.066597972137396,,Not in the DMS,Not in the DMS
919,"['P375L', 'V509I']",2,2,non-synonymous,F4,-4.038083419107419,,Not in the DMS,Not in the DMS
920,"['P375L', 'V509L']",2,2,non-synonymous,F4,-4.223621003802746,,Not in the DMS,Not in the DMS
921,"['P375L', 'Y408Y']",2,1,non-synonymous,F4,-5.0522392763480966,,Not in the DMS,Not in the DMS
922,"['P375L', 'Y415C']",2,2,non-synonymous,F4,-4.554227414175423,,Not in the DMS,Not in the DMS
923,"['P375L', 'Y415F']",2,2,non-synonymous,F4,-4.575118021628434,,Not in the DMS,Not in the DMS
924,"['P375L', 'Y460Y']",2,1,non-synonymous,F4,-4.989769908043947,,Not in the DMS,Not in the DMS
925,"['P375L', 'Y505*']",2,2,stop,F4,-4.989769908043947,,Not in the DMS,Not in the DMS
926,"['P375L', 'Y505Y']",2,1,non-synonymous,F4,-4.989769908043947,,Not in the DMS,Not in the DMS
928,"['P375P', 'D421A']",2,1,non-synonymous,F4,-5.166527646420794,,Not in the DMS,Not in the DMS
930,"['P375S', 'G464S']",2,2,non-synonymous,F4,-4.952309602064698,,Not in the DMS,Not in the DMS
931,"['P375S', 'G465G']",2,1,non-synonymous,F4,-4.827513044673637,,Not in the DMS,Not in the DMS
932,"['P375S', 'G466D']",2,2,non-synonymous,F4,-5.166527646420794,,Not in the DMS,Not in the DMS
933,"['P375S', 'L461V']",2,2,non-synonymous,F4,-4.776076163791779,,Not in the DMS,Not in the DMS
934,"['P375S', 'V452A']",2,2,non-synonymous,F4,-5.166527646420794,,Not in the DMS,Not in the DMS
942,"['P386T', 'D421V']",2,2,non-synonymous,F4,-4.73060303166558,,Not in the DMS,Not in the DMS
943,"['P386T', 'G464S']",2,2,non-synonymous,F4,-5.128543040337618,,Not in the DMS,Not in the DMS
944,"['P386T', 'G465G']",2,1,non-synonymous,F4,-4.850996775750275,,Not in the DMS,Not in the DMS
945,"['P386T', 'V509I']",2,2,non-synonymous,F4,-5.128543040337618,,Not in the DMS,Not in the DMS
947,"['P390H', 'G465G']",2,1,non-synonymous,F4,-4.978552342609556,,Not in the DMS,Not in the DMS
950,"['P390P', 'F449Y']",2,1,non-synonymous,F4,-5.154785780882475,,Not in the DMS,Not in the DMS
951,"['P390P', 'G448D']",2,1,non-synonymous,F4,-4.952309602064698,,Not in the DMS,Not in the DMS
952,"['P390P', 'G450R']",2,1,non-synonymous,F4,-4.916225153522643,,Not in the DMS,Not in the DMS
953,"['P390P', 'G464S']",2,1,non-synonymous,F4,-4.783088512755293,,Not in the DMS,Not in the DMS
954,"['P390P', 'G465G']",2,0,synonymous,F4,-4.95216742284746,,Not in the DMS,Not in the DMS
955,"['P390P', 'L461V']",2,1,non-synonymous,F4,-5.140284905875937,,Not in the DMS,Not in the DMS
956,"['P390P', 'R414S']",2,1,non-synonymous,F4,-5.078482016892953,,Not in the DMS,Not in the DMS
960,"['P397L', 'G465G']",2,1,non-synonymous,F4,-5.052097097130858,,Not in the DMS,Not in the DMS
962,"['P397P', 'A432G']",2,1,non-synonymous,F4,-5.140284905875937,,Not in the DMS,Not in the DMS
963,"['P397P', 'D421A', 'N435H']",3,2,non-synonymous,F4,-4.868250883700799,,Not in the DMS,Not in the DMS
964,"['P397P', 'D421A']",2,1,non-synonymous,F4,-3.902124329505917,,Not in the DMS,Not in the DMS
965,"['P397P', 'D421G']",2,1,non-synonymous,F4,-5.128543040337618,,Not in the DMS,Not in the DMS
966,"['P397P', 'D421V']",2,1,non-synonymous,F4,-4.95216742284746,,Not in the DMS,Not in the DMS
967,"['P397P', 'F449L']",2,1,non-synonymous,F4,-4.927967019060962,,Not in the DMS,Not in the DMS
968,"['P397P', 'F449V']",2,1,non-synonymous,F4,-4.728997014724944,,Not in the DMS,Not in the DMS
969,"['P397P', 'G399G', 'D421A']",3,1,non-synonymous,F4,-4.614566465435008,,Not in the DMS,Not in the DMS
970,"['P397P', 'G399G', 'D421V']",3,1,non-synonymous,F4,-5.166527646420794,,Not in the DMS,Not in the DMS
971,"['P397P', 'G399G', 'G465G']",3,0,synonymous,F4,-5.052097097130858,,Not in the DMS,Not in the DMS
972,"['P397P', 'G399G', 'Y415F', 'D421V']",4,2,non-synonymous,F4,-4.952309602064698,,Not in the DMS,Not in the DMS
973,"['P397P', 'G399G', 'Y415F']",3,1,non-synonymous,F4,-5.066597972137396,,Not in the DMS,Not in the DMS
974,"['P397P', 'G399G']",2,0,synonymous,F4,-4.277938534435387,,Not in the DMS,Not in the DMS
975,"['P397P', 'G448D']",2,1,non-synonymous,F4,-4.500764608568726,,Not in the DMS,Not in the DMS
976,"['P397P', 'G464S']",2,1,non-synonymous,F4,-4.776076163791779,,Not in the DMS,Not in the DMS
977,"['P397P', 'G465G']",2,0,synonymous,F4,-4.95216742284746,,Not in the DMS,Not in the DMS
978,"['P397P', 'L461V']",2,1,non-synonymous,F4,-4.927967019060962,,Not in the DMS,Not in the DMS
979,"['P397P', 'N435H']",2,1,non-synonymous,F4,-4.87999852576335,,Not in the DMS,Not in the DMS
980,"['P397P', 'R414R', 'Y505Y']",3,0,synonymous,F4,-5.140284905875937,,Not in the DMS,Not in the DMS
981,"['P397P', 'R414R']",2,0,synonymous,F4,-4.927967019060962,,Not in the DMS,Not in the DMS
982,"['P397P', 'R414S', 'D421A']",3,2,non-synonymous,F4,-5.0522392763480966,,Not in the DMS,Not in the DMS
983,"['P397P', 'R414S']",2,1,non-synonymous,F4,-4.666527646420793,,Not in the DMS,Not in the DMS
984,"['P397P', 'V509I']",2,1,non-synonymous,F4,-4.725633019460425,,Not in the DMS,Not in the DMS
985,"['P397P', 'V509L']",2,1,non-synonymous,F4,-4.801794604232708,,Not in the DMS,Not in the DMS
986,"['P397P', 'Y415C']",2,1,non-synonymous,F4,-5.00493726237165,,Not in the DMS,Not in the DMS
987,"['P397P', 'Y415S']",2,1,non-synonymous,F4,-4.952309602064698,,Not in the DMS,Not in the DMS
988,"['P397P', 'Y505*']",2,1,stop,F4,-4.978552342609556,,Not in the DMS,Not in the DMS
991,"['P397S', 'G465G']",2,1,non-synonymous,F4,-5.040355231592539,,Not in the DMS,Not in the DMS
993,"['P397T', 'G465G']",2,1,non-synonymous,F4,-5.052097097130858,,Not in the DMS,Not in the DMS
996,"['P406P', 'G464S']",2,1,non-synonymous,F4,-5.154785780882475,,Not in the DMS,Not in the DMS
997,"['P406P', 'G465G']",2,0,synonymous,F4,-5.040355231592539,,Not in the DMS,Not in the DMS
999,"['P406Q', 'G465G']",2,1,non-synonymous,F4,-4.989769908043947,,Not in the DMS,Not in the DMS
1002,"['P406T', 'G464S']",2,2,non-synonymous,F4,-4.978694521826793,,Not in the DMS,Not in the DMS
1003,"['P406T', 'G465G']",2,1,non-synonymous,F4,-5.140284905875937,,Not in the DMS,Not in the DMS
1004,"['P406T', 'V509I']",2,2,non-synonymous,F4,-5.140284905875937,,Not in the DMS,Not in the DMS
1010,"['P419T', 'G465G']",2,1,non-synonymous,F4,-5.140284905875937,,Not in the DMS,Not in the DMS
1013,"['P424H', 'G465G']",2,1,non-synonymous,F4,-5.166527646420794,,Not in the DMS,Not in the DMS
1018,"['P424T', 'G465G']",2,1,non-synonymous,F4,-4.827513044673637,,Not in the DMS,Not in the DMS
1025,"['P462A', 'G465G']",2,1,non-synonymous,F4,-4.4295730360016,,Not in the DMS,Not in the DMS
1026,"['P462A', 'T482A']",2,2,non-synonymous,F4,-5.140284905875937,,Not in the DMS,Not in the DMS
1027,"['P462A', 'V509I']",2,2,non-synonymous,F4,-5.0522392763480966,,Not in the DMS,Not in the DMS
1031,"['P462P', 'G464S']",2,1,non-synonymous,F4,-5.154785780882475,,Not in the DMS,Not in the DMS
1034,"['P462S', 'G465G']",2,1,non-synonymous,F4,-5.140284905875937,,Not in the DMS,Not in the DMS
1036,"['P462T', 'G465G', 'F487L']",3,2,non-synonymous,F4,-4.865497650756812,,Not in the DMS,Not in the DMS
1037,"['P462T', 'G465G', 'G466G']",3,1,non-synonymous,F4,-5.140284905875937,,Not in the DMS,Not in the DMS
1038,"['P462T', 'G465G', 'H468H']",3,1,non-synonymous,F4,-4.975935512358575,,Not in the DMS,Not in the DMS
1039,"['P462T', 'G465G']",2,1,non-synonymous,F4,-4.600694282852125,,Not in the DMS,Not in the DMS
1040,"['P462T', 'G466G']",2,1,non-synonymous,F4,-5.152026771414256,,Not in the DMS,Not in the DMS
1041,"['P462T', 'H468H']",2,1,non-synonymous,F4,-4.964193646820256,,Not in the DMS,Not in the DMS
1042,"['P462T', 'Y505Y']",2,1,non-synonymous,F4,-4.952451781281937,,Not in the DMS,Not in the DMS
1084,"['R381S', 'D421A', 'G465G']",3,2,non-synonymous,F4,-5.140284905875937,,Not in the DMS,Not in the DMS
1085,"['R381S', 'D421A']",2,2,non-synonymous,F4,-4.651421785617956,,Not in the DMS,Not in the DMS
1086,"['R381S', 'D421V', 'G465G']",3,2,non-synonymous,F4,-5.154785780882475,,Not in the DMS,Not in the DMS
1087,"['R381S', 'D421V']",2,2,non-synonymous,F4,-4.801794604232708,,Not in the DMS,Not in the DMS
1088,"['R381S', 'G399G']",2,1,non-synonymous,F4,-5.152026771414256,,Not in the DMS,Not in the DMS
1089,"['R381S', 'G465G']",2,1,non-synonymous,F4,-4.827513044673637,,Not in the DMS,Not in the DMS
1090,"['R381S', 'P397P']",2,1,non-synonymous,F4,-5.00493726237165,,Not in the DMS,Not in the DMS
1091,"['R381S', 'R414S']",2,2,non-synonymous,F4,-4.901724278516106,,Not in the DMS,Not in the DMS
1092,"['R381S', 'Y505*']",2,2,stop,F4,-5.166527646420794,,Not in the DMS,Not in the DMS
1094,"['R388G', 'G464S']",2,2,non-synonymous,F4,-5.154785780882475,,Not in the DMS,Not in the DMS
1095,"['R388G', 'G465G']",2,1,non-synonymous,F4,-5.052097097130858,,Not in the DMS,Not in the DMS
1106,"['R414R', 'A432G']",2,1,non-synonymous,F4,-4.754086762742219,,Not in the DMS,Not in the DMS
1107,"['R414R', 'A432V']",2,1,non-synonymous,F4,-5.0522392763480966,,Not in the DMS,Not in the DMS
1108,"['R414R', 'D417A']",2,1,non-synonymous,F4,-5.154785780882475,,Not in the DMS,Not in the DMS
1109,"['R414R', 'D421A', 'G465G']",3,1,non-synonymous,F4,-4.850996775750275,,Not in the DMS,Not in the DMS
1110,"['R414R', 'D421A']",2,1,non-synonymous,F4,-4.089957454099917,,Not in the DMS,Not in the DMS
1111,"['R414R', 'D421G']",2,1,non-synonymous,F4,-4.779582338273536,,Not in the DMS,Not in the DMS
1112,"['R414R', 'D421V']",2,1,non-synonymous,F4,-4.753339597728679,,Not in the DMS,Not in the DMS
1113,"['R414R', 'F449C']",2,1,non-synonymous,F4,-5.040355231592539,,Not in the DMS,Not in the DMS
1114,"['R414R', 'F449L']",2,1,non-synonymous,F4,-4.978552342609556,,Not in the DMS,Not in the DMS
1115,"['R414R', 'G448D']",2,1,non-synonymous,F4,-4.500764608568726,,Not in the DMS,Not in the DMS
1116,"['R414R', 'G464S']",2,1,non-synonymous,F4,-4.651137427183479,,Not in the DMS,Not in the DMS
1117,"['R414R', 'G465G']",2,0,synonymous,F4,-4.5789685300993686,,Not in the DMS,Not in the DMS
1118,"['R414R', 'H468Q']",2,1,non-synonymous,F4,-5.0522392763480966,,Not in the DMS,Not in the DMS
1119,"['R414R', 'K454N']",2,1,non-synonymous,F4,-4.978694521826793,,Not in the DMS,Not in the DMS
1120,"['R414R', 'L461V']",2,1,non-synonymous,F4,-4.8642639725368575,,Not in the DMS,Not in the DMS
1121,"['R414R', 'P462T']",2,1,non-synonymous,F4,-5.140284905875937,,Not in the DMS,Not in the DMS
1122,"['R414R', 'V509I']",2,1,non-synonymous,F4,-4.387709916715984,,Not in the DMS,Not in the DMS
1123,"['R414R', 'Y415C', 'G465G']",3,1,non-synonymous,F4,-5.140284905875937,,Not in the DMS,Not in the DMS
1124,"['R414R', 'Y415C']",2,1,non-synonymous,F4,-4.60136076217329,,Not in the DMS,Not in the DMS
1125,"['R414R', 'Y415F']",2,1,non-synonymous,F4,-4.549966780086294,,Not in the DMS,Not in the DMS
1126,"['R414R', 'Y415S']",2,1,non-synonymous,F4,-4.668657963465358,,Not in the DMS,Not in the DMS
1127,"['R414R', 'Y460*']",2,1,stop,F4,-4.989769908043947,,Not in the DMS,Not in the DMS
1128,"['R414R', 'Y505Y']",2,0,synonymous,F4,-4.434928548935092,,Not in the DMS,Not in the DMS
1130,"['R414S', 'A431T']",2,2,non-synonymous,F4,-4.739991715249724,,Not in the DMS,Not in the DMS
1131,"['R414S', 'A432G']",2,2,non-synonymous,F4,-4.471944604238527,,Not in the DMS,Not in the DMS
1132,"['R414S', 'A516T']",2,2,non-synonymous,F4,-4.952451781281937,,Not in the DMS,Not in the DMS
1133,"['R414S', 'D421A', 'G465G']",3,2,non-synonymous,F4,-5.140284905875937,,Not in the DMS,Not in the DMS
1134,"['R414S', 'D421A']",2,2,non-synonymous,F4,-3.972788905904152,,Not in the DMS,Not in the DMS
1135,"['R414S', 'D421G']",2,2,non-synonymous,F4,-4.739991715249724,,Not in the DMS,Not in the DMS
1136,"['R414S', 'D421V']",2,2,non-synonymous,F4,-4.95216742284746,,Not in the DMS,Not in the DMS
1137,"['R414S', 'F449C']",2,2,non-synonymous,F4,-4.556145501819665,,Not in the DMS,Not in the DMS
1138,"['R414S', 'F449I']",2,2,non-synonymous,F4,-4.6441911313475055,,Not in the DMS,Not in the DMS
1139,"['R414S', 'F449L']",2,2,non-synonymous,F4,-4.84138522725652,,Not in the DMS,Not in the DMS
1140,"['R414S', 'F449S']",2,2,non-synonymous,F4,-4.629209519658783,,Not in the DMS,Not in the DMS
1141,"['R414S', 'F449V']",2,2,non-synonymous,F4,-4.60136076217329,,Not in the DMS,Not in the DMS
1142,"['R414S', 'F449Y']",2,2,non-synonymous,F4,-4.615195157858662,,Not in the DMS,Not in the DMS
1143,"['R414S', 'F487C']",2,2,non-synonymous,F4,-5.00493726237165,,Not in the DMS,Not in the DMS
1144,"['R414S', 'G448D']",2,2,non-synonymous,F4,-4.291199954697738,,Not in the DMS,Not in the DMS
1145,"['R414S', 'G450E']",2,2,non-synonymous,F4,-4.645831303841681,,Not in the DMS,Not in the DMS
1146,"['R414S', 'G450R']",2,2,non-synonymous,F4,-4.343161135683524,,Not in the DMS,Not in the DMS
1147,"['R414S', 'G464S', 'G465G']",3,2,non-synonymous,F4,-4.625703345177026,,Not in the DMS,Not in the DMS
1148,"['R414S', 'G464S']",2,2,non-synonymous,F4,-4.482058517091312,,Not in the DMS,Not in the DMS
1149,"['R414S', 'G465G', 'V478V']",3,1,non-synonymous,F4,-5.152026771414256,,Not in the DMS,Not in the DMS
1150,"['R414S', 'G465G']",2,1,non-synonymous,F4,-4.674905516694594,,Not in the DMS,Not in the DMS
1151,"['R414S', 'G466S']",2,2,non-synonymous,F4,-4.828179523994803,,Not in the DMS,Not in the DMS
1152,"['R414S', 'H468H']",2,1,non-synonymous,F4,-5.0522392763480966,,Not in the DMS,Not in the DMS
1153,"['R414S', 'K454N']",2,2,non-synonymous,F4,-4.509768475201216,,Not in the DMS,Not in the DMS
1154,"['R414S', 'L461V']",2,2,non-synonymous,F4,-4.247624866838288,,Not in the DMS,Not in the DMS
1155,"['R414S', 'N435H']",2,2,non-synonymous,F4,-4.777452021228972,,Not in the DMS,Not in the DMS
1156,"['R414S', 'P424T']",2,2,non-synonymous,F4,-5.154785780882475,,Not in the DMS,Not in the DMS
1157,"['R414S', 'P512L']",2,2,non-synonymous,F4,-4.95216742284746,,Not in the DMS,Not in the DMS
1158,"['R414S', 'P515T']",2,2,non-synonymous,F4,-4.989769908043947,,Not in the DMS,Not in the DMS
1159,"['R414S', 'R467I']",2,2,non-synonymous,F4,-4.514778970368848,,Not in the DMS,Not in the DMS
1160,"['R414S', 'V445L']",2,2,non-synonymous,F4,-4.927967019060962,,Not in the DMS,Not in the DMS
1161,"['R414S', 'V478V']",2,1,non-synonymous,F4,-4.49531630600969,,Not in the DMS,Not in the DMS
1162,"['R414S', 'V509I']",2,2,non-synonymous,F4,-4.199124114623325,,Not in the DMS,Not in the DMS
1163,"['R414S', 'V509L']",2,2,non-synonymous,F4,-4.46729121375342,,Not in the DMS,Not in the DMS
1164,"['R414S', 'Y415C', 'A431T']",3,3,non-synonymous,F4,-4.805300778714464,,Not in the DMS,Not in the DMS
1165,"['R414S', 'Y415C', 'A432G', 'G465G']",4,3,non-synonymous,F4,-5.140284905875937,,Not in the DMS,Not in the DMS
1166,"['R414S', 'Y415C', 'A432G']",3,3,non-synonymous,F4,-4.850996775750275,,Not in the DMS,Not in the DMS
1167,"['R414S', 'Y415C', 'D421A']",3,3,non-synonymous,F4,-4.989769908043947,,Not in the DMS,Not in the DMS
1168,"['R414S', 'Y415C', 'G464S']",3,3,non-synonymous,F4,-4.952309602064698,,Not in the DMS,Not in the DMS
1169,"['R414S', 'Y415C', 'G465G']",3,2,non-synonymous,F4,-4.964051467603017,,Not in the DMS,Not in the DMS
1170,"['R414S', 'Y415C']",2,2,non-synonymous,F4,-4.009626295983978,,Not in the DMS,Not in the DMS
1171,"['R414S', 'Y415F']",2,2,non-synonymous,F4,-4.5789685300993686,,Not in the DMS,Not in the DMS
1172,"['R414S', 'Y415S', 'D421A']",3,3,non-synonymous,F4,-5.140284905875937,,Not in the DMS,Not in the DMS
1173,"['R414S', 'Y415S']",2,2,non-synonymous,F4,-4.677522346945574,,Not in the DMS,Not in the DMS
1174,"['R414S', 'Y505Y']",2,1,non-synonymous,F4,-4.828179523994803,,Not in the DMS,Not in the DMS
1183,"['R467I', 'V509L']",2,2,non-synonymous,F4,-4.952309602064698,,Not in the DMS,Not in the DMS
1186,"['R467R', 'H468H']",2,0,synonymous,F4,-4.989769908043947,,Not in the DMS,Not in the DMS
1187,"['R467R', 'V478V']",2,0,synonymous,F4,-5.166527646420794,,Not in the DMS,Not in the DMS
1205,"['S378N', 'G465G']",2,1,non-synonymous,F4,-5.040355231592539,,Not in the DMS,Not in the DMS
1214,"['S405S', 'G448D']",2,1,non-synonymous,F4,-4.952309602064698,,Not in the DMS,Not in the DMS
1215,"['S405S', 'G450R']",2,1,non-synonymous,F4,-4.916225153522643,,Not in the DMS,Not in the DMS
1216,"['S405S', 'G464S']",2,1,non-synonymous,F4,-4.95216742284746,,Not in the DMS,Not in the DMS
1217,"['S405S', 'G465G']",2,0,synonymous,F4,-4.817042644252784,,Not in the DMS,Not in the DMS
1218,"['S405S', 'L461V']",2,1,non-synonymous,F4,-4.952451781281937,,Not in the DMS,Not in the DMS
1219,"['S405S', 'V509L']",2,1,non-synonymous,F4,-5.040355231592539,,Not in the DMS,Not in the DMS
1223,"['S412I', 'V509I']",2,2,non-synonymous,F4,-4.952309602064698,,Not in the DMS,Not in the DMS
1235,"['S438R', 'G464S']",2,2,non-synonymous,F4,-5.066740151354634,,Not in the DMS,Not in the DMS
1242,"['S441Y', 'G465G', 'K499E']",3,2,non-synonymous,F4,-4.952309602064698,,Not in the DMS,Not in the DMS
1243,"['S441Y', 'K499E']",2,2,non-synonymous,F4,-3.550239885897023,,Not in the DMS,Not in the DMS
1261,"['S458*', 'G465G']",2,1,stop,F4,-5.128543040337618,,Not in the DMS,Not in the DMS
1262,"['S458*', 'H468Q']",2,2,stop,F4,-5.0522392763480966,,Not in the DMS,Not in the DMS
1264,"['S458L', 'G465G']",2,1,non-synonymous,F4,-4.777452021228972,,Not in the DMS,Not in the DMS
1266,"['S458P', 'G465G']",2,1,non-synonymous,F4,-4.208738479537234,,Not in the DMS,Not in the DMS
1268,"['S458S', 'G465G']",2,0,synonymous,F4,-4.513842879752408,,Not in the DMS,Not in the DMS
1269,"['S458S', 'H468H']",2,0,synonymous,F4,-4.990436387365112,,Not in the DMS,Not in the DMS
1270,"['S458S', 'P459T']",2,1,non-synonymous,F4,-5.166527646420794,,Not in the DMS,Not in the DMS
1271,"['S458S', 'P462T']",2,1,non-synonymous,F4,-5.154785780882475,,Not in the DMS,Not in the DMS
1288,"['T384P', 'D421A']",2,2,non-synonymous,F4,-4.651946085721884,,Not in the DMS,Not in the DMS
1289,"['T384P', 'G399G']",2,1,non-synonymous,F4,-5.052097097130858,,Not in the DMS,Not in the DMS
1290,"['T384P', 'P397P']",2,1,non-synonymous,F4,-5.140284905875937,,Not in the DMS,Not in the DMS
1291,"['T384P', 'R414S']",2,2,non-synonymous,F4,-4.754086762742219,,Not in the DMS,Not in the DMS
1292,"['T384P', 'Y415S']",2,2,non-synonymous,F4,-4.952309602064698,,Not in the DMS,Not in the DMS
1299,"['T392T', 'G465G']",2,0,synonymous,F4,-4.839921389533122,,Not in the DMS,Not in the DMS
1301,"['T411A', 'F449I']",2,2,non-synonymous,F4,-5.066597972137396,,Not in the DMS,Not in the DMS
1304,"['T411M', 'D421A']",2,2,non-synonymous,F4,-4.916225153522643,,Not in the DMS,Not in the DMS
1305,"['T411M', 'G464S']",2,2,non-synonymous,F4,-4.801794604232708,,Not in the DMS,Not in the DMS
1306,"['T411M', 'G465G']",2,1,non-synonymous,F4,-4.526483049009656,,Not in the DMS,Not in the DMS
1307,"['T411M', 'L461V']",2,2,non-synonymous,F4,-4.901582099298867,,Not in the DMS,Not in the DMS
1308,"['T411M', 'R414S']",2,2,non-synonymous,F4,-5.154785780882475,,Not in the DMS,Not in the DMS
1310,"['T411P', 'D421A']",2,2,non-synonymous,F4,-5.078482016892953,,Not in the DMS,Not in the DMS
1311,"['T411P', 'E420G']",2,2,non-synonymous,F4,-5.040355231592539,,Not in the DMS,Not in the DMS
1312,"['T411P', 'Y415S']",2,2,non-synonymous,F4,-4.739325235928558,,Not in the DMS,Not in the DMS
1315,"['T411T', 'G465G']",2,0,synonymous,F4,-5.166527646420794,,Not in the DMS,Not in the DMS
1323,"['T429A', 'G465G']",2,1,non-synonymous,F4,-4.975935512358575,,Not in the DMS,Not in the DMS
1325,"['T429I', 'F449V']",2,2,non-synonymous,F4,-5.166527646420794,,Not in the DMS,Not in the DMS
1326,"['T429I', 'L461V']",2,2,non-synonymous,F4,-5.052097097130858,,Not in the DMS,Not in the DMS
1359,"['V383V', 'D421A']",2,1,non-synonymous,F4,-5.0522392763480966,,Not in the DMS,Not in the DMS
1366,"['V396V', 'A431T']",2,1,non-synonymous,F4,-4.955815776546455,,Not in the DMS,Not in the DMS
1367,"['V396V', 'A432D']",2,1,non-synonymous,F4,-5.066740151354634,,Not in the DMS,Not in the DMS
1368,"['V396V', 'A432G']",2,1,non-synonymous,F4,-4.901724278516106,,Not in the DMS,Not in the DMS
1369,"['V396V', 'D421A']",2,1,non-synonymous,F4,-4.725490840243186,,Not in the DMS,Not in the DMS
1370,"['V396V', 'D421V']",2,1,non-synonymous,F4,-4.801794604232708,,Not in the DMS,Not in the DMS
1371,"['V396V', 'G448D']",2,1,non-synonymous,F4,-4.95216742284746,,Not in the DMS,Not in the DMS
1372,"['V396V', 'G450R']",2,1,non-synonymous,F4,-4.978694521826793,,Not in the DMS,Not in the DMS
1373,"['V396V', 'G464S']",2,1,non-synonymous,F4,-4.776076163791779,,Not in the DMS,Not in the DMS
1374,"['V396V', 'G465G']",2,0,synonymous,F4,-4.306928731399999,,Not in the DMS,Not in the DMS
1375,"['V396V', 'L461V']",2,1,non-synonymous,F4,-4.901582099298867,,Not in the DMS,Not in the DMS
1376,"['V396V', 'P397P']",2,0,synonymous,F4,-4.828037344777565,,Not in the DMS,Not in the DMS
1377,"['V396V', 'P406Q']",2,1,non-synonymous,F4,-5.128543040337618,,Not in the DMS,Not in the DMS
1378,"['V396V', 'P424T']",2,1,non-synonymous,F4,-5.140284905875937,,Not in the DMS,Not in the DMS
1379,"['V396V', 'R414R']",2,0,synonymous,F4,-4.978694521826793,,Not in the DMS,Not in the DMS
1380,"['V396V', 'R414S', 'Y415C']",3,2,non-synonymous,F4,-4.978694521826793,,Not in the DMS,Not in the DMS
1381,"['V396V', 'R414S']",2,1,non-synonymous,F4,-4.574975842411195,,Not in the DMS,Not in the DMS
1382,"['V396V', 'V509I']",2,1,non-synonymous,F4,-4.989769908043947,,Not in the DMS,Not in the DMS
1383,"['V396V', 'Y415C']",2,1,non-synonymous,F4,-4.7039072667076685,,Not in the DMS,Not in the DMS
1384,"['V396V', 'Y415F']",2,1,non-synonymous,F4,-5.00493726237165,,Not in the DMS,Not in the DMS
1385,"['V396V', 'Y415S']",2,1,non-synonymous,F4,-5.040355231592539,,Not in the DMS,Not in the DMS
1395,"['V404I', 'D421A']",2,2,non-synonymous,F4,-4.989769908043947,,Not in the DMS,Not in the DMS
1396,"['V404I', 'G465G']",2,1,non-synonymous,F4,-4.6195885632968245,,Not in the DMS,Not in the DMS
1399,"['V404V', 'G450R']",2,1,non-synonymous,F4,-5.066740151354634,,Not in the DMS,Not in the DMS
1400,"['V404V', 'G464S']",2,1,non-synonymous,F4,-5.066740151354634,,Not in the DMS,Not in the DMS
1408,"['V445L', 'G465G']",2,1,non-synonymous,F4,-4.626937023396981,,Not in the DMS,Not in the DMS
1411,"['V452A', 'A516T']",2,2,non-synonymous,F4,-4.967557642084774,,Not in the DMS,Not in the DMS
1412,"['V452A', 'G465G']",2,1,non-synonymous,F4,-4.0028481792276285,,Not in the DMS,Not in the DMS
1424,"['V478G', 'Y505*']",2,2,stop,F4,-4.964051467603017,,Not in the DMS,Not in the DMS
1427,"['V478V', 'F487C']",2,1,non-synonymous,F4,-4.828037344777565,,Not in the DMS,Not in the DMS
1428,"['V478V', 'Y505Y']",2,0,synonymous,F4,-4.95216742284746,,Not in the DMS,Not in the DMS
1442,"['V509I', 'A516T']",2,2,non-synonymous,F4,-4.839254910211956,,Not in the DMS,Not in the DMS
1444,"['V509L', 'A516T']",2,2,non-synonymous,F4,-4.801794604232708,,Not in the DMS,Not in the DMS
1445,"['V509L', 'P515T']",2,2,non-synonymous,F4,-5.040355231592539,,Not in the DMS,Not in the DMS
1455,"['W427C', 'G465G']",2,1,non-synonymous,F4,-4.978552342609556,,Not in the DMS,Not in the DMS
1458,"['W427L', 'G465G']",2,1,non-synonymous,F4,-4.9160829743054055,,Not in the DMS,Not in the DMS
1459,"['W427L', 'K454N']",2,2,non-synonymous,F4,-5.154785780882475,,Not in the DMS,Not in the DMS
1460,"['W427L', 'L461V']",2,2,non-synonymous,F4,-5.052097097130858,,Not in the DMS,Not in the DMS
1461,"['W427L', 'V509I']",2,2,non-synonymous,F4,-5.140284905875937,,Not in the DMS,Not in the DMS
1466,"['W493G', 'Y505*']",2,2,stop,F4,-4.850996775750275,,Not in the DMS,Not in the DMS
1485,"['Y408H', 'D421A']",2,2,non-synonymous,F4,-4.8642639725368575,,Not in the DMS,Not in the DMS
1486,"['Y408H', 'G465G']",2,1,non-synonymous,F4,-4.6908702294245295,,Not in the DMS,Not in the DMS
1488,"['Y408Y', 'G464S']",2,1,non-synonymous,F4,-4.955815776546455,,Not in the DMS,Not in the DMS
1489,"['Y408Y', 'G465G']",2,0,synonymous,F4,-5.016012648588803,,Not in the DMS,Not in the DMS
1490,"['Y408Y', 'V509I']",2,1,non-synonymous,F4,-4.964193646820256,,Not in the DMS,Not in the DMS
1491,"['Y408Y', 'V509L']",2,1,non-synonymous,F4,-4.952309602064698,,Not in the DMS,Not in the DMS
1494,"['Y415C', 'A431T']",2,2,non-synonymous,F4,-4.740133894466962,,Not in the DMS,Not in the DMS
1495,"['Y415C', 'A432G', 'G465G']",3,2,non-synonymous,F4,-5.166527646420794,,Not in the DMS,Not in the DMS
1496,"['Y415C', 'A432G']",2,2,non-synonymous,F4,-4.526520835907167,,Not in the DMS,Not in the DMS
1497,"['Y415C', 'A432V']",2,2,non-synonymous,F4,-5.140284905875937,,Not in the DMS,Not in the DMS
1498,"['Y415C', 'D421A']",2,2,non-synonymous,F4,-4.410585965931356,,Not in the DMS,Not in the DMS
1499,"['Y415C', 'D421G']",2,2,non-synonymous,F4,-4.952451781281937,,Not in the DMS,Not in the DMS
1500,"['Y415C', 'D421V']",2,2,non-synonymous,F4,-4.73060303166558,,Not in the DMS,Not in the DMS
1501,"['Y415C', 'F416V']",2,2,non-synonymous,F4,-5.0522392763480966,,Not in the DMS,Not in the DMS
1502,"['Y415C', 'G448S']",2,2,non-synonymous,F4,-5.066740151354634,,Not in the DMS,Not in the DMS
1503,"['Y415C', 'G450E']",2,2,non-synonymous,F4,-4.806447994717815,,Not in the DMS,Not in the DMS
1504,"['Y415C', 'G450R']",2,2,non-synonymous,F4,-4.794706129179496,,Not in the DMS,Not in the DMS
1505,"['Y415C', 'G464S']",2,2,non-synonymous,F4,-4.423586781932997,,Not in the DMS,Not in the DMS
1506,"['Y415C', 'G465G', 'H468Q']",3,2,non-synonymous,F4,-5.166527646420794,,Not in the DMS,Not in the DMS
1507,"['Y415C', 'G465G', 'V478V']",3,1,non-synonymous,F4,-5.066740151354634,,Not in the DMS,Not in the DMS
1508,"['Y415C', 'G465G']",2,1,non-synonymous,F4,-4.607958727063981,,Not in the DMS,Not in the DMS
1509,"['Y415C', 'H468H']",2,1,non-synonymous,F4,-5.152026771414256,,Not in the DMS,Not in the DMS
1510,"['Y415C', 'K454N']",2,2,non-synonymous,F4,-4.765710155690653,,Not in the DMS,Not in the DMS
1511,"['Y415C', 'L461V']",2,2,non-synonymous,F4,-4.526483049009656,,Not in the DMS,Not in the DMS
1512,"['Y415C', 'N435H']",2,2,non-synonymous,F4,-5.128543040337618,,Not in the DMS,Not in the DMS
1513,"['Y415C', 'P424T']",2,2,non-synonymous,F4,-4.8642639725368575,,Not in the DMS,Not in the DMS
1514,"['Y415C', 'R467S']",2,2,non-synonymous,F4,-5.140284905875937,,Not in the DMS,Not in the DMS
1515,"['Y415C', 'V509I']",2,2,non-synonymous,F4,-4.301938101063504,,Not in the DMS,Not in the DMS
1516,"['Y415C', 'Y505Y']",2,1,non-synonymous,F4,-4.952451781281937,,Not in the DMS,Not in the DMS
1519,"['Y415F', 'A431T']",2,2,non-synonymous,F4,-5.152026771414256,,Not in the DMS,Not in the DMS
1520,"['Y415F', 'A432D']",2,2,non-synonymous,F4,-4.964051467603017,,Not in the DMS,Not in the DMS
1521,"['Y415F', 'A432G']",2,2,non-synonymous,F4,-4.754086762742219,,Not in the DMS,Not in the DMS
1522,"['Y415F', 'D421A', 'G465G']",3,2,non-synonymous,F4,-5.140284905875937,,Not in the DMS,Not in the DMS
1523,"['Y415F', 'D421A']",2,2,non-synonymous,F4,-4.294563949962258,,Not in the DMS,Not in the DMS
1524,"['Y415F', 'D421G']",2,2,non-synonymous,F4,-4.9160829743054055,,Not in the DMS,Not in the DMS
1525,"['Y415F', 'D421V', 'G465G']",3,2,non-synonymous,F4,-5.078482016892953,,Not in the DMS,Not in the DMS
1526,"['Y415F', 'D421V']",2,2,non-synonymous,F4,-4.224030449522819,,Not in the DMS,Not in the DMS
1527,"['Y415F', 'F449L']",2,2,non-synonymous,F4,-4.850996775750275,,Not in the DMS,Not in the DMS
1528,"['Y415F', 'F449V']",2,2,non-synonymous,F4,-5.078482016892953,,Not in the DMS,Not in the DMS
1529,"['Y415F', 'F449Y']",2,2,non-synonymous,F4,-5.004270783050484,,Not in the DMS,Not in the DMS
1530,"['Y415F', 'G450E']",2,2,non-synonymous,F4,-4.728997014724944,,Not in the DMS,Not in the DMS
1531,"['Y415F', 'G450R']",2,2,non-synonymous,F4,-5.004270783050484,,Not in the DMS,Not in the DMS
1532,"['Y415F', 'G464S']",2,2,non-synonymous,F4,-4.95216742284746,,Not in the DMS,Not in the DMS
1533,"['Y415F', 'G465G']",2,1,non-synonymous,F4,-4.512648653324284,,Not in the DMS,Not in the DMS
1534,"['Y415F', 'H468H']",2,1,non-synonymous,F4,-5.152026771414256,,Not in the DMS,Not in the DMS
1535,"['Y415F', 'H468Q']",2,2,non-synonymous,F4,-5.0522392763480966,,Not in the DMS,Not in the DMS
1536,"['Y415F', 'L461V']",2,2,non-synonymous,F4,-4.538224914547975,,Not in the DMS,Not in the DMS
1537,"['Y415F', 'N435H']",2,2,non-synonymous,F4,-4.975935512358575,,Not in the DMS,Not in the DMS
1538,"['Y415F', 'P462A']",2,2,non-synonymous,F4,-5.140284905875937,,Not in the DMS,Not in the DMS
1539,"['Y415F', 'S458P']",2,2,non-synonymous,F4,-5.066740151354634,,Not in the DMS,Not in the DMS
1540,"['Y415F', 'T429A']",2,2,non-synonymous,F4,-4.839254910211956,,Not in the DMS,Not in the DMS
1541,"['Y415F', 'V478V']",2,1,non-synonymous,F4,-4.990436387365112,,Not in the DMS,Not in the DMS
1542,"['Y415F', 'V509I']",2,2,non-synonymous,F4,-4.534858223218491,,Not in the DMS,Not in the DMS
1543,"['Y415F', 'Y505*']",2,2,stop,F4,-5.154785780882475,,Not in the DMS,Not in the DMS
1545,"['Y415S', 'A432G']",2,2,non-synonymous,F4,-4.850996775750275,,Not in the DMS,Not in the DMS
1546,"['Y415S', 'D421A']",2,2,non-synonymous,F4,-4.226160766567384,,Not in the DMS,Not in the DMS
1547,"['Y415S', 'D421G']",2,2,non-synonymous,F4,-4.853269272012078,,Not in the DMS,Not in the DMS
1548,"['Y415S', 'D421V', 'G465G']",3,2,non-synonymous,F4,-5.154785780882475,,Not in the DMS,Not in the DMS
1549,"['Y415S', 'D421V']",2,2,non-synonymous,F4,-4.739991715249724,,Not in the DMS,Not in the DMS
1550,"['Y415S', 'F449L']",2,2,non-synonymous,F4,-5.052097097130858,,Not in the DMS,Not in the DMS
1551,"['Y415S', 'F449V']",2,2,non-synonymous,F4,-5.078482016892953,,Not in the DMS,Not in the DMS
1552,"['Y415S', 'F449Y']",2,2,non-synonymous,F4,-5.154785780882475,,Not in the DMS,Not in the DMS
1553,"['Y415S', 'G448D']",2,2,non-synonymous,F4,-4.768321209417401,,Not in the DMS,Not in the DMS
1554,"['Y415S', 'G450E']",2,2,non-synonymous,F4,-4.927967019060962,,Not in the DMS,Not in the DMS
1555,"['Y415S', 'G450R']",2,2,non-synonymous,F4,-4.853755785218493,,Not in the DMS,Not in the DMS
1556,"['Y415S', 'G464S']",2,2,non-synonymous,F4,-4.636960477077055,,Not in the DMS,Not in the DMS
1557,"['Y415S', 'G465G']",2,1,non-synonymous,F4,-4.554227414175423,,Not in the DMS,Not in the DMS
1558,"['Y415S', 'H468Q']",2,2,non-synonymous,F4,-5.0522392763480966,,Not in the DMS,Not in the DMS
1559,"['Y415S', 'L461V']",2,2,non-synonymous,F4,-4.73060303166558,,Not in the DMS,Not in the DMS
1560,"['Y415S', 'N435H']",2,2,non-synonymous,F4,-4.975935512358575,,Not in the DMS,Not in the DMS
1561,"['Y415S', 'V509I']",2,2,non-synonymous,F4,-4.534858223218491,,Not in the DMS,Not in the DMS
1567,"['Y447Y', 'F449C']",2,1,non-synonymous,F4,-4.8676279678013765,,Not in the DMS,Not in the DMS
1568,"['Y447Y', 'F449L']",2,1,non-synonymous,F4,-5.040355231592539,,Not in the DMS,Not in the DMS
1569,"['Y447Y', 'G448D']",2,1,non-synonymous,F4,-4.952309602064698,,Not in the DMS,Not in the DMS
1570,"['Y447Y', 'G464S']",2,1,non-synonymous,F4,-4.7039072667076685,,Not in the DMS,Not in the DMS
1571,"['Y447Y', 'G465G']",2,0,synonymous,F4,-4.827513044673637,,Not in the DMS,Not in the DMS
1572,"['Y447Y', 'L461V']",2,1,non-synonymous,F4,-4.78006307495572,,Not in the DMS,Not in the DMS
1574,"['Y460*', 'G465G', 'G466G']",3,1,stop,F4,-4.964051467603017,,Not in the DMS,Not in the DMS
1575,"['Y460*', 'G465G', 'H468H']",3,1,stop,F4,-5.078482016892953,,Not in the DMS,Not in the DMS
1576,"['Y460*', 'G465G']",2,1,stop,F4,-4.596216861525662,,Not in the DMS,Not in the DMS
1577,"['Y460*', 'H468H']",2,1,stop,F4,-5.00493726237165,,Not in the DMS,Not in the DMS
1578,"['Y460*', 'H468Q']",2,2,stop,F4,-4.975935512358575,,Not in the DMS,Not in the DMS
1579,"['Y460*', 'P462T']",2,2,stop,F4,-5.154785780882475,,Not in the DMS,Not in the DMS
1582,"['Y460D', 'G465G']",2,1,non-synonymous,F4,-4.9160829743054055,,Not in the DMS,Not in the DMS
1584,"['Y460H', 'G465G']",2,1,non-synonymous,F4,-4.87999852576335,,Not in the DMS,Not in the DMS
1587,"['Y460S', 'G465G']",2,1,non-synonymous,F4,-4.702754274180087,,Not in the DMS,Not in the DMS
1589,"['Y460Y', 'G464G']",2,0,synonymous,F4,-4.964051467603017,,Not in the DMS,Not in the DMS
1590,"['Y460Y', 'G465G']",2,0,synonymous,F4,-4.765081463266998,,Not in the DMS,Not in the DMS
1591,"['Y460Y', 'H468H']",2,0,synonymous,F4,-4.964051467603017,,Not in the DMS,Not in the DMS
1609,"['Y505*', 'V509L']",2,2,stop,F4,-5.040355231592539,,Not in the DMS,Not in the DMS
1613,"['Y505Y', 'V509I']",2,1,non-synonymous,F4,-4.68027557988956,,Not in the DMS,Not in the DMS
