,variant_id,hamming_dist_DNA,hamming_dist_AA,variant_type,fragment,median_log10_freq_before,median_log10_freq_after,Selection coefficient,expected_effect,expected_phenotype
0,A409A,1,0,synonymous,F4,-4.971158288737727,-4.850996775750275,,Not in the DMS,Not in the DMS
1,A409E,1,1,non-synonymous,F4,-4.174653360592647,-4.307292296383439,,Not in the DMS,Not in the DMS
2,A409S,1,1,non-synonymous,F4,-3.859293638449347,-4.237108720706501,,Not in the DMS,Not in the DMS
3,A409T,1,1,non-synonymous,F4,-3.101060632984103,-3.166468760207903,,Not in the DMS,Not in the DMS
4,A409V,1,1,non-synonymous,F4,-3.6930563726415597,-3.997052168375484,,Not in the DMS,Not in the DMS
5,A430A,1,0,synonymous,F4,-5.128788025454723,-5.128543040337618,,Not in the DMS,Not in the DMS
6,A430D,1,1,non-synonymous,F4,-4.564750944703775,-4.433464711211694,,Not in the DMS,Not in the DMS
7,A430P,1,1,non-synonymous,F4,-5.391937812609745,-4.879512012556933,,Not in the DMS,Not in the DMS
8,A430S,1,1,non-synonymous,F4,-4.125560623113497,-4.166527646420793,,Not in the DMS,Not in the DMS
9,A430T,1,1,non-synonymous,F4,-3.2549162815031227,-3.174027775158,,Not in the DMS,Not in the DMS
10,A430V,1,1,non-synonymous,F4,-3.2894553558010653,-3.562440065473675,,Not in the DMS,Not in the DMS
11,A431A,1,0,synonymous,F4,-4.786352070869695,-4.805300778714464,,Not in the DMS,Not in the DMS
12,A431E,1,1,non-synonymous,F4,-4.494718532339071,-4.3642639725368575,,Not in the DMS,Not in the DMS
13,A431P,1,1,non-synonymous,F4,-5.388412062197657,-4.827513044673637,,Not in the DMS,Not in the DMS
14,A431S,1,1,non-synonymous,F4,-4.172765610632288,-4.033266756539327,,Not in the DMS,Not in the DMS
15,A431T,1,1,non-synonymous,F4,-3.394614360248644,-3.5845101522156084,,Not in the DMS,Not in the DMS
16,A431V,1,1,non-synonymous,F4,-3.4666036221317915,-3.518664745398124,,Not in the DMS,Not in the DMS
17,A432A,1,0,synonymous,F4,-3.6510365215886407,-4.262951146222434,-0.0215300575632125,Neutral,Sensitive
18,A432D,1,1,non-synonymous,F4,-4.3541660200085195,-3.7320585572543377,0.0654331145611545,Beneficial,Resistant
19,A432P,1,1,non-synonymous,F4,-4.714384879254203,-4.952451781281937,0.0986643402044379,Beneficial,Resistant
20,A432S,1,1,non-synonymous,F4,-4.313588295556208,-4.291199954697738,0.0357040291001641,Beneficial,Resistant
21,A432T,1,1,non-synonymous,F4,-3.264408287870786,-3.46837579004299,0.0723126538574114,Beneficial,Resistant
22,A432V,1,1,non-synonymous,F4,-3.6362501279595003,-3.6149238933125134,0.0832089579917337,Beneficial,Resistant
23,A434A,1,0,synonymous,F4,-3.960053400595009,-4.192159624645118,-0.0194865553119258,Neutral,Sensitive
24,A434D,1,1,non-synonymous,F4,-4.49408636830554,-4.353269272012078,0.0026913331466481,Neutral,Sensitive
25,A434P,1,1,non-synonymous,F4,-4.375225934866271,-4.87999852576335,0.0687255381976215,Beneficial,Resistant
26,A434S,1,1,non-synonymous,F4,-4.320692625193212,-4.251209280684115,0.0664100984282343,Beneficial,Resistant
27,A434T,1,1,non-synonymous,F4,-3.634863245372027,-3.6217188803413887,0.0597293876785389,Beneficial,Resistant
28,A434V,1,1,non-synonymous,F4,-3.3371611242568884,-3.507365520995596,0.0466792086526989,Beneficial,Resistant
29,A476A,1,0,synonymous,F4,-4.794235300687959,-4.754086762742219,0.0086309483709267,Neutral,Sensitive
30,A476E,1,1,non-synonymous,F4,-4.221497767449564,-4.007495978939413,-0.286342998172623,Deleterious,Sensitive
31,A476G,1,1,non-synonymous,F4,-3.8261191977411824,-4.8642639725368575,0.0062009658957744,Neutral,Sensitive
32,A476S,1,1,non-synonymous,F4,-4.258396219745018,-4.361864531095973,0.0403142020894872,Neutral,Sensitive
33,A476T,1,1,non-synonymous,F4,-3.4132134030666923,-3.7427449481937103,0.106029382139582,Beneficial,Resistant
34,A476V,1,1,non-synonymous,F4,-3.272008184285579,-3.4604620095386656,-0.328440597719329,Deleterious,Sensitive
35,A516A,1,0,synonymous,F4,-4.929818021118704,-4.614566465435008,,Not in the DMS,Not in the DMS
36,A516D,1,1,non-synonymous,F4,-4.969408644142517,-4.370995342907544,,Not in the DMS,Not in the DMS
37,A516P,1,1,non-synonymous,F4,-5.213307904570475,-4.776076163791779,,Not in the DMS,Not in the DMS
38,A516S,1,1,non-synonymous,F4,-4.563869881422212,-4.28006307495572,,Not in the DMS,Not in the DMS
39,A516T,1,1,non-synonymous,F4,-3.2758157437175104,-3.0293197457824177,,Not in the DMS,Not in the DMS
40,A516V,1,1,non-synonymous,F4,-3.6896920037304026,-3.972055038951672,,Not in the DMS,Not in the DMS
41,C470*,1,1,stop,F4,-5.2793030232867135,-4.541644626813127,,Not in the DMS,Not in the DMS
42,C470C,1,0,synonymous,F4,-4.819811561911649,-4.827513044673637,-0.0263922032911761,Neutral,Sensitive
43,C470F,1,1,non-synonymous,F4,-4.854166020008519,-4.224696928843985,-0.123448659311017,Deleterious,Sensitive
44,C470G,1,1,non-synonymous,F4,-4.413106143375229,-4.677522346945574,-0.373763217534273,Deleterious,Sensitive
45,C470S,1,1,non-synonymous,F4,-5.251188113079433,-4.498069538953677,-0.420997723688603,Deleterious,Sensitive
46,C470W,1,1,non-synonymous,F4,-4.721607535480206,-4.424382605215136,-0.37142547163098,Deleterious,Sensitive
47,C470Y,1,1,non-synonymous,F4,-4.449171015986954,-4.389840233760548,-0.39118451561827,Deleterious,Sensitive
48,D417A,1,1,non-synonymous,F4,-4.310097975658243,-4.552097097130858,,Not in the DMS,Not in the DMS
49,D417D,1,0,synonymous,F4,-4.971158288737727,-5.166527646420794,,Not in the DMS,Not in the DMS
50,D417G,1,1,non-synonymous,F4,-4.535754971214931,-4.640284905875937,,Not in the DMS,Not in the DMS
51,D417N,1,1,non-synonymous,F4,-5.147249547793408,-4.952309602064698,,Not in the DMS,Not in the DMS
52,D417Y,1,1,non-synonymous,F4,-3.7494969552820194,-4.14564041880943,,Not in the DMS,Not in the DMS
53,D421A,1,1,non-synonymous,F4,-1.9185093248073941,-2.20126938056188,,Not in the DMS,Not in the DMS
54,D421E,1,1,non-synonymous,F4,-4.297841057449049,-4.853755785218493,,Not in the DMS,Not in the DMS
55,D421G,1,1,non-synonymous,F4,-1.7575721312215329,-3.2743108051770253,,Not in the DMS,Not in the DMS
56,D421N,1,1,non-synonymous,F4,-4.409814816892981,-4.975935512358575,,Not in the DMS,Not in the DMS
57,D421V,1,1,non-synonymous,F4,-2.71691871755748,-2.8285633415765377,,Not in the DMS,Not in the DMS
58,D421Y,1,1,non-synonymous,F4,-3.596182908112419,-3.9679576930745855,,Not in the DMS,Not in the DMS
59,D423E,1,1,non-synonymous,F4,-4.59887105311303,-5.066740151354634,,Not in the DMS,Not in the DMS
60,D423G,1,1,non-synonymous,F4,-4.730828165242786,-4.367770147018615,,Not in the DMS,Not in the DMS
61,D423V,1,1,non-synonymous,F4,-4.848807535400493,-4.952309602064698,,Not in the DMS,Not in the DMS
62,D423Y,1,1,non-synonymous,F4,-3.388170603661117,-4.018674092581975,,Not in the DMS,Not in the DMS
63,D428D,1,0,synonymous,F4,-5.271356555407621,-5.00493726237165,,Not in the DMS,Not in the DMS
64,D428G,1,1,non-synonymous,F4,-4.6551960156725,-4.640951385197102,,Not in the DMS,Not in the DMS
65,D428N,1,1,non-synonymous,F4,-4.790709550275871,-4.989769908043947,,Not in the DMS,Not in the DMS
66,D428V,1,1,non-synonymous,F4,-5.388412062197657,-4.850996775750275,,Not in the DMS,Not in the DMS
67,D428Y,1,1,non-synonymous,F4,-3.8382094377776634,-4.181915752383736,,Not in the DMS,Not in the DMS
68,D443D,1,0,synonymous,F4,-4.115704129819098,-3.603105382418492,,Not in the DMS,Not in the DMS
69,D443G,1,1,non-synonymous,F4,-4.997523554349797,-4.978694521826793,,Not in the DMS,Not in the DMS
70,D443N,1,1,non-synonymous,F4,-4.20914871432726,-3.7126940775839934,,Not in the DMS,Not in the DMS
71,D443Y,1,1,non-synonymous,F4,-3.3901861064467598,-3.949953207705645,,Not in the DMS,Not in the DMS
72,D446A,1,1,non-synonymous,F4,-5.067150386144659,-4.850996775750275,0.194419163460232,Beneficial,Resistant
73,D446N,1,1,non-synonymous,F4,-4.1718810992628645,-4.779582338273536,0.201766952529137,Beneficial,Resistant
74,D446Y,1,1,non-synonymous,F4,-3.820391360735277,-4.417372369525993,0.175950926606952,Beneficial,Resistant
75,D496A,1,1,non-synonymous,F4,-5.241422814777755,-4.990436387365112,,Not in the DMS,Not in the DMS
76,D496D,1,0,synonymous,F4,-3.124664592782712,-3.246449748109808,,Not in the DMS,Not in the DMS
77,D496E,1,1,non-synonymous,F4,-4.793403571693872,-4.5789685300993686,,Not in the DMS,Not in the DMS
78,D496G,1,1,non-synonymous,F4,-4.241007635230815,-4.622459602070518,,Not in the DMS,Not in the DMS
79,D496H,1,1,non-synonymous,F4,-4.990472053525619,-5.140284905875937,,Not in the DMS,Not in the DMS
80,D496N,1,1,non-synonymous,F4,-3.549725061678274,-4.137445210715345,,Not in the DMS,Not in the DMS
81,D496Y,1,1,non-synonymous,F4,-3.578602752895941,-4.21720628952659,,Not in the DMS,Not in the DMS
82,D502E,1,1,non-synonymous,F4,-5.094433567357854,-4.668657963465358,,Not in the DMS,Not in the DMS
83,D502N,1,1,non-synonymous,F4,-4.2635307191145735,-4.768587637748755,,Not in the DMS,Not in the DMS
84,D502Y,1,1,non-synonymous,F4,-3.550132905293693,-3.9298945961016543,,Not in the DMS,Not in the DMS
85,D504D,1,0,synonymous,F4,-4.4240539559408365,-4.362133655492293,-0.0549328996955342,Neutral,Sensitive
86,D504E,1,1,non-synonymous,F4,-4.742251049246491,-4.296155416641421,-0.354675747793826,Deleterious,Sensitive
87,D504G,1,1,non-synonymous,F4,-4.439514133593007,-4.95216742284746,-0.474280389287285,Deleterious,Sensitive
88,D504N,1,1,non-synonymous,F4,-4.287851549276185,-4.1691890904139655,-0.323507266274836,Deleterious,Sensitive
89,D504Y,1,1,non-synonymous,F4,-3.1127305852374043,-3.920224104282035,-0.304320245126173,Deleterious,Sensitive
90,E391*,1,1,stop,F4,-3.861211573066149,-4.239991715249724,,Not in the DMS,Not in the DMS
91,E391D,1,1,non-synonymous,F4,-5.339233742607274,-4.457449505756221,,Not in the DMS,Not in the DMS
92,E391K,1,1,non-synonymous,F4,-3.9967728533886615,-5.00493726237165,,Not in the DMS,Not in the DMS
93,E391V,1,1,non-synonymous,F4,-5.147249547793408,-5.00493726237165,,Not in the DMS,Not in the DMS
94,E413*,1,1,stop,F4,-3.123600209289853,-3.800684558012412,,Not in the DMS,Not in the DMS
95,E413A,1,1,non-synonymous,F4,-4.50477975501092,-4.87999852576335,,Not in the DMS,Not in the DMS
96,E413D,1,1,non-synonymous,F4,-3.792240199524976,-4.108993913761855,,Not in the DMS,Not in the DMS
97,E413E,1,0,synonymous,F4,-4.595314630639416,-5.00493726237165,,Not in the DMS,Not in the DMS
98,E413G,1,1,non-synonymous,F4,-4.563869881422212,-4.6908702294245295,,Not in the DMS,Not in the DMS
99,E413K,1,1,non-synonymous,F4,-4.239378379327297,-4.354903001221843,,Not in the DMS,Not in the DMS
100,E413Q,1,1,non-synonymous,F4,-4.929818021118704,-5.154785780882475,,Not in the DMS,Not in the DMS
101,E413V,1,1,non-synonymous,F4,-4.535969736973767,-4.714982652924822,,Not in the DMS,Not in the DMS
102,E420*,1,1,stop,F4,-4.123343199487923,-4.239325235928558,,Not in the DMS,Not in the DMS
103,E420A,1,1,non-synonymous,F4,-3.90933696209679,-4.725490840243186,,Not in the DMS,Not in the DMS
104,E420D,1,1,non-synonymous,F4,-3.820210338130662,-4.15156683220693,,Not in the DMS,Not in the DMS
105,E420E,1,0,synonymous,F4,-4.820692625193212,-4.916225153522643,,Not in the DMS,Not in the DMS
106,E420G,1,1,non-synonymous,F4,-4.264301560058093,-4.125704662790584,,Not in the DMS,Not in the DMS
107,E420K,1,1,non-synonymous,F4,-4.595314630639416,-4.95216742284746,,Not in the DMS,Not in the DMS
108,E420V,1,1,non-synonymous,F4,-4.9148165578900835,-4.853127092794839,,Not in the DMS,Not in the DMS
109,E444*,1,1,stop,F4,-3.5752279747367846,-4.111832480207701,,Not in the DMS,Not in the DMS
110,E444A,1,1,non-synonymous,F4,-5.1551960156725,-5.140284905875937,,Not in the DMS,Not in the DMS
111,E444D,1,1,non-synonymous,F4,-3.4887278836975146,-4.000764608568726,,Not in the DMS,Not in the DMS
112,E444G,1,1,non-synonymous,F4,-3.9910903180671022,-3.978694521826793,,Not in the DMS,Not in the DMS
113,E444K,1,1,non-synonymous,F4,-3.924103290228313,-4.952451781281937,,Not in the DMS,Not in the DMS
114,E444V,1,1,non-synonymous,F4,-4.670177627361221,-4.501431087889893,,Not in the DMS,Not in the DMS
115,E473*,1,1,stop,F4,-2.923535220137289,-3.708029365346741,,Not in the DMS,Not in the DMS
116,E473D,1,1,non-synonymous,F4,-4.851395518671559,-4.070984934291149,-0.162485638566658,Deleterious,Sensitive
117,E473E,1,0,synonymous,F4,-4.6833109258797805,-4.689406391701131,0.025718286172014,Neutral,Sensitive
118,E473G,1,1,non-synonymous,F4,-5.395463563021835,-4.927967019060962,0.115550664088751,Beneficial,Resistant
119,E473K,1,1,non-synonymous,F4,-4.582131997833381,-4.5522392763480966,0.19313841049934,Beneficial,Resistant
120,E473V,1,1,non-synonymous,F4,-3.956130869191572,-3.0292648118857066,0.190065085794797,Beneficial,Resistant
121,E514*,1,1,stop,F4,-3.171890620441517,-3.796432671536821,,Not in the DMS,Not in the DMS
122,E514D,1,1,non-synonymous,F4,-4.820692625193212,-4.850996775750275,,Not in the DMS,Not in the DMS
123,E514E,1,0,synonymous,F4,-4.5140003847735,-4.108513177079671,,Not in the DMS,Not in the DMS
124,E514K,1,1,non-synonymous,F4,-3.709007818689516,-3.961173985544914,,Not in the DMS,Not in the DMS
125,E517*,1,1,stop,F4,-3.406462345437034,-3.926015040556943,,Not in the DMS,Not in the DMS
126,E517K,1,1,non-synonymous,F4,-3.8326996467567893,-4.438295240264576,,Not in the DMS,Not in the DMS
127,F380F,1,0,synonymous,F4,-4.016133384591791,-4.381027935936993,0.0438691975750592,Neutral,Sensitive
128,F380I,1,1,non-synonymous,F4,-4.120485311293266,-4.978552342609556,-0.321990493751651,Deleterious,Sensitive
129,F380L,1,1,non-synonymous,F4,-3.474426530037861,-3.799664287188144,-0.151586109294588,Deleterious,Sensitive
130,F380S,1,1,non-synonymous,F4,-3.9946160684791905,-4.850996775750275,-0.476613700376052,Deleterious,Sensitive
131,F380V,1,1,non-synonymous,F4,-5.125262275042634,-4.87999852576335,-0.248404112221025,Deleterious,Sensitive
132,F416C,1,1,non-synonymous,F4,-4.318044443537335,-4.813536469771027,,Not in the DMS,Not in the DMS
133,F416F,1,0,synonymous,F4,-3.6608422353536136,-4.433464711211694,,Not in the DMS,Not in the DMS
134,F416I,1,1,non-synonymous,F4,-3.946722240258592,-4.28858890097099,,Not in the DMS,Not in the DMS
135,F416S,1,1,non-synonymous,F4,-4.192552628726787,-4.489769908043947,,Not in the DMS,Not in the DMS
136,F416V,1,1,non-synonymous,F4,-4.124847095495694,-4.566740151354633,,Not in the DMS,Not in the DMS
137,F422C,1,1,non-synonymous,F4,-4.504681017840509,-5.152026771414256,,Not in the DMS,Not in the DMS
138,F422F,1,0,synonymous,F4,-3.789401633079131,-4.615052978641424,,Not in the DMS,Not in the DMS
139,F422I,1,1,non-synonymous,F4,-3.9590225008956677,-4.95216742284746,,Not in the DMS,Not in the DMS
140,F422S,1,1,non-synonymous,F4,-4.013922720687517,-4.989769908043947,,Not in the DMS,Not in the DMS
141,F422V,1,1,non-synonymous,F4,-4.767830804995533,-4.753339597728679,,Not in the DMS,Not in the DMS
142,F439F,1,0,synonymous,F4,-4.851395518671559,-4.95216742284746,,Not in the DMS,Not in the DMS
143,F439I,1,1,non-synonymous,F4,-4.576773513225355,-4.424603023796443,,Not in the DMS,Not in the DMS
144,F439L,1,1,non-synonymous,F4,-4.109309140899639,-4.5789685300993686,,Not in the DMS,Not in the DMS
145,F439S,1,1,non-synonymous,F4,-5.339233742607274,-4.850996775750275,,Not in the DMS,Not in the DMS
146,F439V,1,1,non-synonymous,F4,-4.644601366137531,-4.669280879364781,,Not in the DMS,Not in the DMS
147,F449C,1,1,non-synonymous,F4,-3.9041018691875617,-2.3934588523142946,0.204529143655001,Beneficial,Resistant
148,F449F,1,0,synonymous,F4,-3.3970784325836867,-3.6171866755276367,0.0558077713903385,Neutral,Sensitive
149,F449I,1,1,non-synonymous,F4,-4.216571586751681,-2.55635204950591,0.181823212378235,Beneficial,Resistant
150,F449L,1,1,non-synonymous,F4,-4.347923164234489,-2.9923776492964684,0.179905577583979,Beneficial,Resistant
151,F449S,1,1,non-synonymous,F4,-4.291835859247074,-2.876098159576086,0.211001675325078,Beneficial,Resistant
152,F449V,1,1,non-synonymous,F4,-4.013902869147618,-2.351997412170122,0.195276499767073,Beneficial,Resistant
153,F449Y,1,1,non-synonymous,F4,-3.4549604215767813,-3.041160166433515,0.155887753793475,Beneficial,Resistant
154,F463C,1,1,non-synonymous,F4,-5.271356555407621,-4.347073804439503,-0.314456914448117,Deleterious,Sensitive
155,F463F,1,0,synonymous,F4,-3.7812749650253563,-3.907221970666837,0.010974589870085,Neutral,Sensitive
156,F463I,1,1,non-synonymous,F4,-4.332482576000908,-3.6565109177665054,-0.0236831010698153,Neutral,Sensitive
157,F463L,1,1,non-synonymous,F4,-3.9560340282403317,-4.307292296383439,0.0677494494044016,Beneficial,Resistant
158,F463S,1,1,non-synonymous,F4,-5.388412062197657,-4.38837639603715,-0.140499772794245,Deleterious,Sensitive
159,F463V,1,1,non-synonymous,F4,-4.230828165242786,-3.5720983603530923,0.0621944672255425,Beneficial,Resistant
160,F463Y,1,1,non-synonymous,F4,-4.6860212288319305,-4.514778970368848,-0.337118557634372,Deleterious,Sensitive
161,F475C,1,1,non-synonymous,F4,-4.260052496559649,-4.167071194241401,-0.0325962133799733,Deleterious,Sensitive
162,F475F,1,0,synonymous,F4,-3.783049524111162,-3.720663007255269,0.0123631077878343,Neutral,Sensitive
163,F475I,1,1,non-synonymous,F4,-4.178477258270953,-4.651421785617956,-0.348927195150019,Deleterious,Sensitive
164,F475L,1,1,non-synonymous,F4,-4.279813290725494,-4.195042883227453,-0.108065017471636,Deleterious,Sensitive
165,F475S,1,1,non-synonymous,F4,-3.977505906589681,-4.615195157858662,-0.219252226276926,Deleterious,Sensitive
166,F475Y,1,1,non-synonymous,F4,-5.215846553554065,-4.328518081459748,-0.252782216803698,Deleterious,Sensitive
167,F487C,1,1,non-synonymous,F4,-3.8599422846682088,-3.91174773219618,,Not in the DMS,Not in the DMS
168,F487F,1,0,synonymous,F4,-4.368209864556218,-4.813536469771027,,Not in the DMS,Not in the DMS
169,F487I,1,1,non-synonymous,F4,-5.241422814777755,-4.901724278516106,,Not in the DMS,Not in the DMS
170,F487L,1,1,non-synonymous,F4,-4.334765722668223,-4.072845525366631,,Not in the DMS,Not in the DMS
171,F487V,1,1,non-synonymous,F4,-4.43868240459892,-4.952309602064698,,Not in the DMS,Not in the DMS
172,F487Y,1,1,non-synonymous,F4,-5.213307904570475,-4.828037344777565,,Not in the DMS,Not in the DMS
173,G399*,1,1,stop,F4,-3.7564009783786165,-4.089239643120019,,Not in the DMS,Not in the DMS
174,G399E,1,1,non-synonymous,F4,-4.2371227288967965,-5.040355231592539,,Not in the DMS,Not in the DMS
175,G399G,1,0,synonymous,F4,-3.513254869356202,-4.0522392763480966,,Not in the DMS,Not in the DMS
176,G399R,1,1,non-synonymous,F4,-4.304739491050217,-4.618072639916765,,Not in the DMS,Not in the DMS
177,G399V,1,1,non-synonymous,F4,-3.7000445194331593,-4.313536469771027,,Not in the DMS,Not in the DMS
178,G407C,1,1,non-synonymous,F4,-3.52512055476456,-3.5418061656995024,0.144824681875002,Beneficial,Resistant
179,G407D,1,1,non-synonymous,F4,-3.6157257670819978,-2.639419146765751,0.154835123375379,Beneficial,Resistant
180,G407G,1,0,synonymous,F4,-4.227044059962682,-4.195622715991072,0.0339059277882234,Neutral,Sensitive
181,G407S,1,1,non-synonymous,F4,-3.6518320088375256,-3.08026517600434,0.140049332124665,Beneficial,Resistant
182,G407V,1,1,non-synonymous,F4,-4.535754971214931,-4.362133655492293,0.17912805749543,Beneficial,Resistant
183,G448C,1,1,non-synonymous,F4,-3.6864375340141464,-4.120930686223911,0.189994236700604,Beneficial,Resistant
184,G448D,1,1,non-synonymous,F4,-3.681122802109871,-2.3973936327693925,0.197550385296033,Beneficial,Resistant
185,G448G,1,0,synonymous,F4,-4.406886858299164,-4.310656291647959,0.0177413607078458,Neutral,Sensitive
186,G448S,1,1,non-synonymous,F4,-4.279656186317352,-3.7297670907050215,0.221168856087862,Beneficial,Resistant
187,G448V,1,1,non-synonymous,F4,-4.457162090382466,-4.416705890204828,0.189673885001034,Beneficial,Resistant
188,G450E,1,1,non-synonymous,F4,-4.165573626467809,-2.2485547567501776,0.186076817446119,Beneficial,Resistant
189,G450G,1,0,synonymous,F4,-4.249335527343597,-4.324673349513045,-0.0082887277187195,Neutral,Sensitive
190,G450R,1,1,non-synonymous,F4,-3.927227764866814,-2.0754645968541983,0.172989678259578,Beneficial,Resistant
191,G450V,1,1,non-synonymous,F4,-3.7230221804896377,-4.18254444480739,0.197680934454098,Beneficial,Resistant
192,G450W,1,1,non-synonymous,F4,-3.268965672525093,-3.8921661332925694,0.141221339064451,Beneficial,Resistant
193,G455C,1,1,non-synonymous,F4,-3.973795606296269,-4.328179523994803,,Not in the DMS,Not in the DMS
194,G455D,1,1,non-synonymous,F4,-4.113420716966639,-5.0522392763480966,,Not in the DMS,Not in the DMS
195,G455G,1,0,synonymous,F4,-4.180434761435235,-4.174301848511851,,Not in the DMS,Not in the DMS
196,G455S,1,1,non-synonymous,F4,-3.9239623312873353,-4.901582099298867,,Not in the DMS,Not in the DMS
197,G455V,1,1,non-synonymous,F4,-5.090907816945765,-4.813536469771027,,Not in the DMS,Not in the DMS
198,G464C,1,1,non-synonymous,F4,-3.5287290668445817,-4.337521948092237,-0.0935107710769378,Deleterious,Sensitive
199,G464D,1,1,non-synonymous,F4,-4.0293769054483946,-4.433464711211694,-0.193093085014278,Deleterious,Sensitive
200,G464G,1,0,synonymous,F4,-4.6010262782780815,-4.332572929432965,0.0084138622021107,Neutral,Sensitive
201,G464R,1,1,non-synonymous,F4,-4.170928117983751,-5.00493726237165,-0.321148556273979,Deleterious,Sensitive
202,G464S,1,1,non-synonymous,F4,-3.7057741877725334,-1.7376765599977828,0.323453642393857,Beneficial,Resistant
203,G464V,1,1,non-synonymous,F4,-5.066318657150573,-4.581093070619701,0.233407049980591,Beneficial,Resistant
204,G465C,1,1,non-synonymous,F4,-3.4890772040427036,-4.041988960802305,0.214296853765925,Beneficial,Resistant
205,G465D,1,1,non-synonymous,F4,-3.447375525724423,-3.8507151208247214,0.151386462733703,Beneficial,Resistant
206,G465G,1,0,synonymous,F4,-3.0790467461877253,-2.5745411322413854,0.034974202937187,Neutral,Sensitive
207,G465S,1,1,non-synonymous,F4,-4.856754003279585,-4.636960477077055,0.245533167779479,Beneficial,Resistant
208,G465V,1,1,non-synonymous,F4,-4.585671652018822,-4.569351205081382,0.223872574727368,Beneficial,Resistant
209,G466A,1,1,non-synonymous,F4,-4.249440619248249,-4.95216742284746,0.179543408226016,Beneficial,Resistant
210,G466C,1,1,non-synonymous,F4,-3.403845928017219,-3.9663760495214806,0.152609322430496,Beneficial,Resistant
211,G466D,1,1,non-synonymous,F4,-3.3746453238479726,-3.262709670266549,0.137814405903732,Beneficial,Resistant
212,G466G,1,0,synonymous,F4,-4.59661946458443,-4.369143891181436,0.0002156870634504,Neutral,Sensitive
213,G466S,1,1,non-synonymous,F4,-3.5120784288479054,-2.7554624135508297,0.166934646463059,Beneficial,Resistant
214,G466V,1,1,non-synonymous,F4,-4.722545302621229,-4.388107271640831,0.0266383225272314,Neutral,Sensitive
215,G472A,1,1,non-synonymous,F4,-4.053040882199628,-5.154785780882475,-0.204216366229692,Deleterious,Sensitive
216,G472C,1,1,non-synonymous,F4,-3.533057455271579,-3.935597724321224,-0.270568766310444,Deleterious,Sensitive
217,G472D,1,1,non-synonymous,F4,-3.507144952413,-4.629209519658783,-0.377907696322993,Deleterious,Sensitive
218,G472G,1,0,synonymous,F4,-4.429798169578805,-4.040355231592539,0.0067184145810814,Neutral,Sensitive
219,G472S,1,1,non-synonymous,F4,-4.794235300687959,-4.674905516694594,-0.329281241283722,Deleterious,Sensitive
220,G472V,1,1,non-synonymous,F4,-4.971158288737727,-4.556003322602427,-0.303005476732804,Deleterious,Sensitive
221,G481*,1,1,stop,F4,-4.258396219745018,-4.702754274180087,,Not in the DMS,Not in the DMS
222,G481E,1,1,non-synonymous,F4,-4.793297533546936,-4.527007349113584,-0.0619933987821596,Deleterious,Sensitive
223,G481G,1,0,synonymous,F4,-4.603181503443133,-4.512648653324284,0.0338333221281457,Neutral,Sensitive
224,G481R,1,1,non-synonymous,F4,-4.795165698256998,-4.452309602064698,0.0545619241183392,Beneficial,Resistant
225,G481V,1,1,non-synonymous,F4,-3.377258975602616,-3.950179285020134,-0.12198032590848,Deleterious,Sensitive
226,G497E,1,1,non-synonymous,F4,-3.405390041258001,-3.9417149525297295,,Not in the DMS,Not in the DMS
227,G497G,1,0,synonymous,F4,-3.997827177893001,-4.307292296383439,,Not in the DMS,Not in the DMS
228,G497R,1,1,non-synonymous,F4,-3.614957873006485,-4.063114708404869,,Not in the DMS,Not in the DMS
229,G497V,1,1,non-synonymous,F4,-3.4488117914080356,-4.052639327337907,,Not in the DMS,Not in the DMS
230,G497W,1,1,non-synonymous,F4,-3.187791970403972,-3.715241142712373,,Not in the DMS,Not in the DMS
231,H373H,1,0,synonymous,F4,-3.7376711891605368,-4.094498815279549,-0.0146286030446334,Neutral,Sensitive
232,H373L,1,1,non-synonymous,F4,-4.334765722668223,-4.7026120949628485,-0.470978024499236,Deleterious,Sensitive
233,H373Q,1,1,non-synonymous,F4,-4.851395518671559,-4.501431087889893,-0.150772795901838,Deleterious,Sensitive
234,H373R,1,1,non-synonymous,F4,-4.691257393758873,-4.427967019060962,-0.487470849590153,Deleterious,Sensitive
235,H377H,1,0,synonymous,F4,-3.921022350466422,-3.978645662166759,0.0274198422506227,Neutral,Sensitive
236,H377L,1,1,non-synonymous,F4,-3.8643664502230726,-4.87999852576335,-0.582878499445856,Deleterious,Sensitive
237,H377N,1,1,non-synonymous,F4,-4.9148165578900835,-4.476422025564991,-0.421916692493973,Deleterious,Sensitive
238,H377P,1,1,non-synonymous,F4,-4.956226011336481,-4.666527646420794,-0.559599354881569,Deleterious,Sensitive
239,H377Q,1,1,non-synonymous,F4,-4.6016091942934265,-4.420618558960806,-0.303737680251949,Deleterious,Sensitive
240,H377R,1,1,non-synonymous,F4,-4.944799632807426,-4.952451781281937,-0.619515796290282,Deleterious,Sensitive
241,H377Y,1,1,non-synonymous,F4,-4.2470740286732545,-4.328660260676987,-0.450848344297903,Deleterious,Sensitive
242,H400H,1,0,synonymous,F4,-4.149834082976613,-4.399922216381693,,Not in the DMS,Not in the DMS
243,H400L,1,1,non-synonymous,F4,-4.611247913242512,-5.152026771414256,,Not in the DMS,Not in the DMS
244,H400N,1,1,non-synonymous,F4,-4.9148165578900835,-4.490436387365112,,Not in the DMS,Not in the DMS
245,H400Q,1,1,non-synonymous,F4,-4.6860212288319305,-4.805300778714464,,Not in the DMS,Not in the DMS
246,H400Y,1,1,non-synonymous,F4,-4.0190204801048885,-4.401724278516106,,Not in the DMS,Not in the DMS
247,H410H,1,0,synonymous,F4,-3.5977164848408267,-4.060961480611073,-0.0251758050809165,Neutral,Sensitive
248,H410L,1,1,non-synonymous,F4,-5.391937812609745,-4.95216742284746,0.0595951906496044,Beneficial,Resistant
249,H410N,1,1,non-synonymous,F4,-4.692611561991363,-4.516012648588803,0.12238907197958,Beneficial,Resistant
250,H410Q,1,1,non-synonymous,F4,-4.944799632807426,-4.512506474107045,-0.0827624421865543,Deleterious,Sensitive
251,H410R,1,1,non-synonymous,F4,-4.1628049680906365,-4.853269272012078,-0.268163319777569,Deleterious,Sensitive
252,H410Y,1,1,non-synonymous,F4,-4.02357529828521,-3.9025516672488223,0.162449486081702,Beneficial,Resistant
253,H468H,1,0,synonymous,F4,-4.0668128706837035,-3.301768450525299,0.0282294861578733,Neutral,Sensitive
254,H468N,1,1,non-synonymous,F4,-4.942211649536359,-3.900101751109532,0.0426989120299732,Beneficial,Resistant
255,H468P,1,1,non-synonymous,F4,-4.918345802827524,-4.40727067648185,-0.283537064305104,Deleterious,Sensitive
256,H468Q,1,1,non-synonymous,F4,-3.373960363183766,-3.625704662790585,0.0186949897707571,Neutral,Sensitive
257,H468R,1,1,non-synonymous,F4,-4.360540546990373,-5.052097097130858,0.154879663740265,Beneficial,Resistant
258,H468Y,1,1,non-synonymous,F4,-4.273538958108846,-4.262347478039692,-0.31038048312023,Deleterious,Sensitive
259,I379I,1,0,synonymous,F4,-4.00112151211517,-5.128543040337618,0.0367733675069883,Neutral,Sensitive
260,I379L,1,1,non-synonymous,F4,-4.272549870533399,-4.813536469771027,0.224818073082126,Beneficial,Resistant
261,I389F,1,1,non-synonymous,F4,-5.1551960156725,-4.9160829743054055,,Not in the DMS,Not in the DMS
262,I389I,1,0,synonymous,F4,-3.755870692949866,-4.164357877584399,,Not in the DMS,Not in the DMS
263,I389L,1,1,non-synonymous,F4,-3.8937367914924326,-3.772355063844734,,Not in the DMS,Not in the DMS
264,I389V,1,1,non-synonymous,F4,-4.615299789541196,-4.669280879364781,,Not in the DMS,Not in the DMS
265,I395F,1,1,non-synonymous,F4,-5.367348652814554,-4.850996775750275,,Not in the DMS,Not in the DMS
266,I395I,1,0,synonymous,F4,-3.367484412269399,-3.8551472977372754,,Not in the DMS,Not in the DMS
267,I395L,1,1,non-synonymous,F4,-5.038203746943292,-4.978694521826793,,Not in the DMS,Not in the DMS
268,I395T,1,1,non-synonymous,F4,-5.388412062197657,-5.066597972137396,,Not in the DMS,Not in the DMS
269,I395V,1,1,non-synonymous,F4,-4.696137312403451,-4.651279606400717,,Not in the DMS,Not in the DMS
270,I471I,1,0,synonymous,F4,-4.206239005447594,-4.159839222357393,0.0095203341172348,Neutral,Sensitive
271,I471K,1,1,non-synonymous,F4,-5.147249547793408,-4.683781754371317,-0.249280969293789,Deleterious,Sensitive
272,I471L,1,1,non-synonymous,F4,-5.275777272874625,-4.6801334006723225,-0.0800407996903201,Deleterious,Sensitive
273,I471M,1,1,non-synonymous,F4,-3.949115876691864,-3.802941820236058,0.25130886369753,Beneficial,Resistant
274,I471R,1,1,non-synonymous,F4,-5.212320803141976,-4.717255149186624,-0.259920329774942,Deleterious,Sensitive
275,I471V,1,1,non-synonymous,F4,-4.921871553239612,-4.251209280684115,0.106700021964064,Beneficial,Resistant
276,I483K,1,1,non-synonymous,F4,-3.808628465580847,-4.683781754371317,-0.337390711927519,Deleterious,Sensitive
277,I483L,1,1,non-synonymous,F4,-4.71159749005562,-4.9160829743054055,0.0308781699275986,Neutral,Sensitive
278,I483M,1,1,non-synonymous,F4,-4.148902044436983,-4.813536469771027,-0.170164433565322,Deleterious,Sensitive
279,I483R,1,1,non-synonymous,F4,-4.990472053525619,-4.15156683220693,-0.42327709433255,Deleterious,Sensitive
280,I483T,1,1,non-synonymous,F4,-4.162614583300668,-4.027630265013006,-0.348726393453312,Deleterious,Sensitive
281,I483V,1,1,non-synonymous,F4,-4.568290598889216,-4.264287551867797,-0.274749807999308,Deleterious,Sensitive
282,I495I,1,0,synonymous,F4,-3.6368168842973048,-3.932353981214715,,Not in the DMS,Not in the DMS
283,I495N,1,1,non-synonymous,F4,-4.0985035663933,-4.867770147018614,,Not in the DMS,Not in the DMS
284,I495T,1,1,non-synonymous,F4,-4.317112059821348,-5.052097097130858,,Not in the DMS,Not in the DMS
285,I495V,1,1,non-synonymous,F4,-4.882280930215799,-4.801794604232708,,Not in the DMS,Not in the DMS
286,I518I,1,0,synonymous,F4,-5.2193723039661535,-5.152026771414256,,Not in the DMS,Not in the DMS
287,I518K,1,1,non-synonymous,F4,-5.395463563021835,-4.952309602064698,,Not in the DMS,Not in the DMS
288,I518M,1,1,non-synonymous,F4,-4.742251049246491,-5.152026771414256,,Not in the DMS,Not in the DMS
289,I518V,1,1,non-synonymous,F4,-4.706239005447594,-4.30748318141569,,Not in the DMS,Not in the DMS
290,I519I,1,0,synonymous,F4,-4.814593560429567,-4.776076163791779,,Not in the DMS,Not in the DMS
291,I519N,1,1,non-synonymous,F4,-4.656336228417056,-4.850996775750275,,Not in the DMS,Not in the DMS
292,K382K,1,0,synonymous,F4,-4.819811561911649,-4.890506713081715,-0.0419256852741133,Neutral,Sensitive
293,K382N,1,1,non-synonymous,F4,-5.140263738271255,-4.827513044673637,-0.0123523061667956,Neutral,Sensitive
294,K382T,1,1,non-synonymous,F4,-5.395463563021835,-4.95216742284746,-0.114475003845726,Deleterious,Sensitive
295,K398*,1,1,stop,F4,-4.318044443537335,-5.0522392763480966,,Not in the DMS,Not in the DMS
296,K398I,1,1,non-synonymous,F4,-5.2193723039661535,-4.78006307495572,,Not in the DMS,Not in the DMS
297,K398K,1,0,synonymous,F4,-3.3379933267146864,-3.508348567443325,,Not in the DMS,Not in the DMS
298,K398N,1,1,non-synonymous,F4,-4.507219666824099,-4.282949713379703,,Not in the DMS,Not in the DMS
299,K398Q,1,1,non-synonymous,F4,-5.029270177635702,-4.817042644252784,,Not in the DMS,Not in the DMS
300,K398R,1,1,non-synonymous,F4,-4.942211649536359,-4.20714123633384,,Not in the DMS,Not in the DMS
301,K398T,1,1,non-synonymous,F4,-3.946104466752439,-4.95216742284746,,Not in the DMS,Not in the DMS
302,K433*,1,1,stop,F4,-4.193105706929035,-4.666527646420794,,Not in the DMS,Not in the DMS
303,K433E,1,1,non-synonymous,F4,-4.4053738858098965,-4.853269272012078,,Not in the DMS,Not in the DMS
304,K433K,1,0,synonymous,F4,-4.742303878059318,-4.7423448972039,,Not in the DMS,Not in the DMS
305,K433N,1,1,non-synonymous,F4,-4.4526967663990416,-4.133454302595299,,Not in the DMS,Not in the DMS
306,K433Q,1,1,non-synonymous,F4,-4.055638534650676,-4.541644626813127,,Not in the DMS,Not in the DMS
307,K433T,1,1,non-synonymous,F4,-5.212320803141976,-5.066740151354634,,Not in the DMS,Not in the DMS
308,K451E,1,1,non-synonymous,F4,-4.310376976661136,-4.776076163791779,,Not in the DMS,Not in the DMS
309,K451I,1,1,non-synonymous,F4,-3.78900538955218,-3.1531112318283547,,Not in the DMS,Not in the DMS
310,K451K,1,0,synonymous,F4,-5.038203746943292,-4.8760058380751765,,Not in the DMS,Not in the DMS
311,K451N,1,1,non-synonymous,F4,-4.434169552758332,-4.783088512755293,,Not in the DMS,Not in the DMS
312,K451R,1,1,non-synonymous,F4,-4.225698038462779,-4.827513044673637,,Not in the DMS,Not in the DMS
313,K454*,1,1,stop,F4,-4.335119658201094,-4.975935512358575,,Not in the DMS,Not in the DMS
314,K454E,1,1,non-synonymous,F4,-3.6764721910152325,-4.144806839125699,,Not in the DMS,Not in the DMS
315,K454I,1,1,non-synonymous,F4,-3.9567557115101315,-4.433464711211694,,Not in the DMS,Not in the DMS
316,K454K,1,0,synonymous,F4,-3.1471369513368663,-3.304721635778181,,Not in the DMS,Not in the DMS
317,K454N,1,1,non-synonymous,F4,-3.841416145308499,-3.494306946799981,,Not in the DMS,Not in the DMS
318,K454Q,1,1,non-synonymous,F4,-4.60204601430134,-3.786120359515412,,Not in the DMS,Not in the DMS
319,K454R,1,1,non-synonymous,F4,-4.307893416205716,-4.549966780086294,,Not in the DMS,Not in the DMS
320,K454T,1,1,non-synonymous,F4,-4.698292537568502,-4.779582338273536,,Not in the DMS,Not in the DMS
321,K499E,1,1,non-synonymous,F4,-3.902859683217033,-3.995546172703636,,Not in the DMS,Not in the DMS
322,K499I,1,1,non-synonymous,F4,-4.929818021118704,-4.916225153522643,,Not in the DMS,Not in the DMS
323,K499K,1,0,synonymous,F4,-4.954407180913896,-4.95216742284746,,Not in the DMS,Not in the DMS
324,K499N,1,1,non-synonymous,F4,-4.326987188847223,-4.281098261653595,,Not in the DMS,Not in the DMS
325,K499R,1,1,non-synonymous,F4,-4.284800715437445,-4.500764608568726,,Not in the DMS,Not in the DMS
326,K499T,1,1,non-synonymous,F4,-4.766120390480679,-4.276218343009017,,Not in the DMS,Not in the DMS
327,L376I,1,1,non-synonymous,F4,-3.7566659536902653,-4.106330774378446,0.142902644409527,Beneficial,Resistant
328,L376L,1,0,synonymous,F4,-4.2744687098908205,-4.1138422111707,-0.0129990973839501,Neutral,Sensitive
329,L376P,1,1,non-synonymous,F4,-3.640479318712295,-4.382751758707337,-0.180312847145943,Deleterious,Sensitive
330,L376V,1,1,non-synonymous,F4,-5.212320803141976,-4.754086762742219,-0.0650161773539366,Deleterious,Sensitive
331,L387F,1,1,non-synonymous,F4,-4.106721157628574,-4.253339597728679,,Not in the DMS,Not in the DMS
332,L387H,1,1,non-synonymous,F4,-4.300579198629445,-5.128543040337618,,Not in the DMS,Not in the DMS
333,L387I,1,1,non-synonymous,F4,-4.538152724560778,-4.376492351281593,,Not in the DMS,Not in the DMS
334,L387L,1,0,synonymous,F4,-4.116709962069006,-5.152026771414256,,Not in the DMS,Not in the DMS
335,L387P,1,1,non-synonymous,F4,-4.6208415575756305,-5.128543040337618,,Not in the DMS,Not in the DMS
336,L387R,1,1,non-synonymous,F4,-3.8684959468405795,-4.663021471939036,,Not in the DMS,Not in the DMS
337,L403F,1,1,non-synonymous,F4,-4.240065563293539,-4.228251167324962,0.0434488682060658,Beneficial,Resistant
338,L403H,1,1,non-synonymous,F4,-3.6140293080825048,-4.328518081459748,0.0412877172540209,Beneficial,Resistant
339,L403I,1,1,non-synonymous,F4,-3.162483506535331,-3.81792343192478,-0.160656432451085,Deleterious,Sensitive
340,L403L,1,0,synonymous,F4,-4.003985048301268,-4.369810370502602,0.0031125751751679,Neutral,Sensitive
341,L403P,1,1,non-synonymous,F4,-3.977189996744478,-4.813678648988265,-0.44128027488239,Deleterious,Sensitive
342,L403R,1,1,non-synonymous,F4,-4.183366333258049,-4.952451781281937,-0.470150673908157,Deleterious,Sensitive
343,L461F,1,1,non-synonymous,F4,-4.347923164234489,-4.325780082553918,0.188415039547083,Beneficial,Resistant
344,L461H,1,1,non-synonymous,F4,-4.467629043800287,-4.526483049009656,0.218603297844988,Beneficial,Resistant
345,L461I,1,1,non-synonymous,F4,-3.763362502715556,-4.018285144850605,0.104708357905014,Beneficial,Resistant
346,L461L,1,0,synonymous,F4,-4.563869881422212,-4.440665831933087,0.0268026269811582,Neutral,Sensitive
347,L461P,1,1,non-synonymous,F4,-4.396344626303398,-4.850996775750275,0.0428528696754946,Neutral,Sensitive
348,L461V,1,1,non-synonymous,F4,-2.957791968600818,-2.009561238355341,0.207000464879793,Beneficial,Resistant
349,L480L,1,0,synonymous,F4,-3.635366186814534,-4.186906229009819,-0.0115300718919649,Neutral,Sensitive
350,L480M,1,1,non-synonymous,F4,-4.580313167410796,-4.135575058061244,0.0740821858831535,Beneficial,Resistant
351,L480P,1,1,non-synonymous,F4,-4.345667513803989,-4.435119433967343,-0.579821168340094,Deleterious,Sensitive
352,L480Q,1,1,non-synonymous,F4,-5.163142483551592,-4.554227414175423,-0.317046771755304,Deleterious,Sensitive
353,L480R,1,1,non-synonymous,F4,-4.896344626303398,-4.695523619909636,-0.592619150822542,Deleterious,Sensitive
354,L484*,1,1,stop,F4,-5.2193723039661535,-5.00493726237165,,Not in the DMS,Not in the DMS
355,L484F,1,1,non-synonymous,F4,-4.862112487887611,-4.73060303166558,-0.12122548455193,Deleterious,Sensitive
356,L484I,1,1,non-synonymous,F4,-5.2793030232867135,-4.677522346945574,-0.171266386977607,Deleterious,Sensitive
357,L484L,1,0,synonymous,F4,-4.882280930215799,-4.317442695242596,-0.0120934587312533,Neutral,Sensitive
358,L484V,1,1,non-synonymous,F4,-5.2193723039661535,-5.00493726237165,-0.098458765881234,Deleterious,Sensitive
359,L491*,1,1,stop,F4,-5.339233742607274,-4.865497650756812,,Not in the DMS,Not in the DMS
360,L491F,1,1,non-synonymous,F4,-3.529674027972006,-4.126937023396981,,Not in the DMS,Not in the DMS
361,L491L,1,0,synonymous,F4,-4.038339506398138,-4.779582338273536,,Not in the DMS,Not in the DMS
362,L491M,1,1,non-synonymous,F4,-4.818893646310526,-4.600694282852125,,Not in the DMS,Not in the DMS
363,L491S,1,1,non-synonymous,F4,-4.160738813660267,-4.593463628581675,,Not in the DMS,Not in the DMS
364,L511I,1,1,non-synonymous,F4,-3.144049469925461,-3.8097336690588097,-0.204626141305359,Deleterious,Sensitive
365,L511L,1,0,synonymous,F4,-4.2744687098908205,-4.427967019060962,0.0032186413927865,Neutral,Sensitive
366,L511P,1,1,non-synonymous,F4,-4.830300173299683,-4.828037344777565,0.0317076097803379,Neutral,Sensitive
367,L511Q,1,1,non-synonymous,F4,-4.007392870070237,-4.651279606400717,0.097709651898731,Beneficial,Resistant
368,M374I,1,1,non-synonymous,F4,-4.128291834618821,-4.328518081459748,0.064474077940172,Beneficial,Resistant
369,M374L,1,1,non-synonymous,F4,-5.339233742607274,-4.717255149186624,-0.0401878344484392,Deleterious,Sensitive
370,M374T,1,1,non-synonymous,F4,-4.997523554349797,-5.066597972137396,0.16985364761884,Beneficial,Resistant
371,M374V,1,1,non-synonymous,F4,-4.214789219532104,-4.469073565464834,0.143781649777457,Beneficial,Resistant
372,M508I,1,1,non-synonymous,F4,-3.7119015736246093,-4.182495738992378,-0.272868241048586,Deleterious,Sensitive
373,M508K,1,1,non-synonymous,F4,-4.944750298519949,-4.139444951236856,-0.46450792421803,Deleterious,Sensitive
374,M508R,1,1,non-synonymous,F4,-4.7506602128285085,-4.952309602064698,-0.331920208070177,Deleterious,Sensitive
375,M508V,1,1,non-synonymous,F4,-4.14667934602311,-4.754086762742219,-0.502959219357622,Deleterious,Sensitive
376,N385D,1,1,non-synonymous,F4,-4.453684560476805,-4.978694521826793,,Not in the DMS,Not in the DMS
377,N385H,1,1,non-synonymous,F4,-5.388412062197657,-4.339921389533122,,Not in the DMS,Not in the DMS
378,N385K,1,1,non-synonymous,F4,-4.826770928362243,-4.424603023796443,,Not in the DMS,Not in the DMS
379,N385N,1,0,synonymous,F4,-4.230412985695846,-4.108851734544617,,Not in the DMS,Not in the DMS
380,N385S,1,1,non-synonymous,F4,-4.05381970422809,-4.094307930247298,,Not in the DMS,Not in the DMS
381,N385T,1,1,non-synonymous,F4,-4.813129581132658,-4.728997014724944,,Not in the DMS,Not in the DMS
382,N393D,1,1,non-synonymous,F4,-4.53279592804779,-4.952309602064698,,Not in the DMS,Not in the DMS
383,N393H,1,1,non-synonymous,F4,-4.795165698256998,-4.6441911313475055,,Not in the DMS,Not in the DMS
384,N393I,1,1,non-synonymous,F4,-4.363581443865925,-4.702754274180087,,Not in the DMS,Not in the DMS
385,N393K,1,1,non-synonymous,F4,-4.997523554349797,-4.600552103634886,,Not in the DMS,Not in the DMS
386,N393N,1,0,synonymous,F4,-4.074618288060304,-4.256564793617608,,Not in the DMS,Not in the DMS
387,N393S,1,1,non-synonymous,F4,-4.667035300767672,-5.040355231592539,,Not in the DMS,Not in the DMS
388,N393Y,1,1,non-synonymous,F4,-4.5372166455147935,-4.801794604232708,,Not in the DMS,Not in the DMS
389,N418D,1,1,non-synonymous,F4,-4.313133885928911,-4.40727067648185,,Not in the DMS,Not in the DMS
390,N418H,1,1,non-synonymous,F4,-4.510393475750076,-4.249039511847721,,Not in the DMS,Not in the DMS
391,N418I,1,1,non-synonymous,F4,-4.827758029790742,-4.828179523994803,,Not in the DMS,Not in the DMS
392,N418K,1,1,non-synonymous,F4,-4.793403571693872,-4.29518686586168,,Not in the DMS,Not in the DMS
393,N418N,1,0,synonymous,F4,-4.296826778484376,-4.325780082553918,,Not in the DMS,Not in the DMS
394,N418S,1,1,non-synonymous,F4,-4.024437945113465,-4.239325235928558,,Not in the DMS,Not in the DMS
395,N418T,1,1,non-synonymous,F4,-5.303892183081905,-5.0522392763480966,,Not in the DMS,Not in the DMS
396,N418Y,1,1,non-synonymous,F4,-5.038203746943292,-4.754086762742219,,Not in the DMS,Not in the DMS
397,N435H,1,1,non-synonymous,F4,-5.215846553554065,-3.3714412306226365,,Not in the DMS,Not in the DMS
398,N435I,1,1,non-synonymous,F4,-3.6592463868855365,-4.8642639725368575,,Not in the DMS,Not in the DMS
399,N435K,1,1,non-synonymous,F4,-4.036229544086295,-5.066740151354634,,Not in the DMS,Not in the DMS
400,N435Y,1,1,non-synonymous,F4,-5.2193723039661535,-4.578482016892953,,Not in the DMS,Not in the DMS
401,N440D,1,1,non-synonymous,F4,-4.570211474366652,-4.602824599896689,,Not in the DMS,Not in the DMS
402,N440K,1,1,non-synonymous,F4,-5.2193723039661535,-4.453456818068048,,Not in the DMS,Not in the DMS
403,N440N,1,0,synonymous,F4,-4.381343163074777,-4.350249610736736,,Not in the DMS,Not in the DMS
404,N440S,1,1,non-synonymous,F4,-5.395463563021835,-4.952309602064698,,Not in the DMS,Not in the DMS
405,N490D,1,1,non-synonymous,F4,-4.716833654982564,-4.790799903707928,,Not in the DMS,Not in the DMS
406,N490K,1,1,non-synonymous,F4,-5.094433567357854,-4.40727067648185,,Not in the DMS,Not in the DMS
407,N490N,1,0,synonymous,F4,-4.433710838334783,-4.527816007651987,,Not in the DMS,Not in the DMS
408,N490S,1,1,non-synonymous,F4,-4.43868240459892,-4.420618558960806,,Not in the DMS,Not in the DMS
409,N490T,1,1,non-synonymous,F4,-4.141181653872378,-3.940826339622047,,Not in the DMS,Not in the DMS
410,P375H,1,1,non-synonymous,F4,-3.5108478853773724,-2.0974337621995662,0.146209304897756,Beneficial,Resistant
411,P375L,1,1,non-synonymous,F4,-3.545437698686603,-2.023807450029345,0.247827434366868,Beneficial,Resistant
412,P375P,1,0,synonymous,F4,-4.30921691237668,-4.3808857567197546,0.016918642930212,Neutral,Sensitive
413,P375S,1,1,non-synonymous,F4,-3.359632097930407,-3.387601669406144,-0.168446645973749,Deleterious,Sensitive
414,P375T,1,1,non-synonymous,F4,-4.551317193921952,-4.18027557988956,0.317443935184407,Beneficial,Resistant
415,P386A,1,1,non-synonymous,F4,-4.50115177290307,-5.066740151354634,,Not in the DMS,Not in the DMS
416,P386L,1,1,non-synonymous,F4,-3.9715910468437414,-4.418836207249392,,Not in the DMS,Not in the DMS
417,P386P,1,0,synonymous,F4,-3.3165300548915315,-4.889840233760548,,Not in the DMS,Not in the DMS
418,P386Q,1,1,non-synonymous,F4,-3.455676600619517,-3.897957069567477,,Not in the DMS,Not in the DMS
419,P386S,1,1,non-synonymous,F4,-3.875992135811936,-4.06611145893098,,Not in the DMS,Not in the DMS
420,P386T,1,1,non-synonymous,F4,-3.4163894594582818,-3.6533788912701377,,Not in the DMS,Not in the DMS
421,P390H,1,1,non-synonymous,F4,-3.4703836494282116,-3.6583243959852334,,Not in the DMS,Not in the DMS
422,P390L,1,1,non-synonymous,F4,-3.8555166937156575,-4.186764049792581,,Not in the DMS,Not in the DMS
423,P390P,1,0,synonymous,F4,-4.119229880231186,-4.343018956466286,,Not in the DMS,Not in the DMS
424,P390S,1,1,non-synonymous,F4,-3.8038549796807937,-4.125584076709019,,Not in the DMS,Not in the DMS
425,P390T,1,1,non-synonymous,F4,-3.382756667753348,-3.893564981742872,,Not in the DMS,Not in the DMS
426,P397L,1,1,non-synonymous,F4,-3.897712895463906,-4.347073804439503,,Not in the DMS,Not in the DMS
427,P397P,1,0,synonymous,F4,-2.9003174679146397,-4.061103659828312,,Not in the DMS,Not in the DMS
428,P397Q,1,1,non-synonymous,F4,-3.5578019875011826,-3.947339589859544,,Not in the DMS,Not in the DMS
429,P397S,1,1,non-synonymous,F4,-4.089493626243735,-4.213892471535663,,Not in the DMS,Not in the DMS
430,P397T,1,1,non-synonymous,F4,-3.366120410616186,-3.882751758707336,,Not in the DMS,Not in the DMS
431,P406L,1,1,non-synonymous,F4,-3.596809849374398,-3.895386631726292,-0.0134449645968282,Neutral,Sensitive
432,P406P,1,0,synonymous,F4,-3.7511154327267064,-4.123430848915223,-0.0047671827587019,Neutral,Sensitive
433,P406Q,1,1,non-synonymous,F4,-3.784226476807901,-3.943841638230321,0.108136510649921,Beneficial,Resistant
434,P406S,1,1,non-synonymous,F4,-3.92405826073709,-4.254973326938446,0.060851126873614,Beneficial,Resistant
435,P406T,1,1,non-synonymous,F4,-3.511705130789907,-3.8860730248119193,0.141392777269436,Beneficial,Resistant
436,P419L,1,1,non-synonymous,F4,-4.065331555722074,-4.093870122855895,,Not in the DMS,Not in the DMS
437,P419P,1,0,synonymous,F4,-3.6392428815295053,-4.084118508419274,,Not in the DMS,Not in the DMS
438,P419Q,1,1,non-synonymous,F4,-3.343869718544413,-3.885012400772631,,Not in the DMS,Not in the DMS
439,P419S,1,1,non-synonymous,F4,-4.13058700433741,-4.382751758707337,,Not in the DMS,Not in the DMS
440,P419T,1,1,non-synonymous,F4,-3.576800690761529,-4.041988960802305,,Not in the DMS,Not in the DMS
441,P424A,1,1,non-synonymous,F4,-4.956226011336481,-4.754086762742219,,Not in the DMS,Not in the DMS
442,P424H,1,1,non-synonymous,F4,-3.5218450322304564,-3.986536886919331,,Not in the DMS,Not in the DMS
443,P424L,1,1,non-synonymous,F4,-4.228258345416581,-4.4433551250239045,,Not in the DMS,Not in the DMS
444,P424P,1,0,synonymous,F4,-4.132534526279171,-4.283445000323361,,Not in the DMS,Not in the DMS
445,P424S,1,1,non-synonymous,F4,-4.128177046872995,-4.244871633894302,,Not in the DMS,Not in the DMS
446,P424T,1,1,non-synonymous,F4,-3.319565112070194,-3.821165110538562,,Not in the DMS,Not in the DMS
447,P459L,1,1,non-synonymous,F4,-3.842282659029645,-4.487072392100593,0.204866270588782,Beneficial,Resistant
448,P459P,1,0,synonymous,F4,-3.9196964765346616,-4.87999852576335,0.008117302405745,Neutral,Sensitive
449,P459Q,1,1,non-synonymous,F4,-3.514071527207321,-3.920224104282035,0.14369090390606,Beneficial,Resistant
450,P459S,1,1,non-synonymous,F4,-3.6703060517612838,-3.583840225891412,0.133753010028798,Beneficial,Resistant
451,P459T,1,1,non-synonymous,F4,-4.974747277210644,-4.531542933768984,0.13103751095284,Beneficial,Resistant
452,P462H,1,1,non-synonymous,F4,-3.9710062073750025,-4.019868102517399,-0.155686529257929,Deleterious,Sensitive
453,P462L,1,1,non-synonymous,F4,-3.7961132770937724,-3.986930212883356,-0.0392555789920417,Deleterious,Sensitive
454,P462P,1,0,synonymous,F4,-3.653149892127003,-4.155187149485843,0.0397232109520166,Neutral,Sensitive
455,P462S,1,1,non-synonymous,F4,-4.344203534507081,-4.125134961262568,0.0790861154500767,Beneficial,Resistant
456,P462T,1,1,non-synonymous,F4,-3.9896977180567497,-3.3814293045403625,0.121521076579076,Beneficial,Resistant
457,P501H,1,1,non-synonymous,F4,-3.6033353772708185,-3.986930212883355,,Not in the DMS,Not in the DMS
458,P501L,1,1,non-synonymous,F4,-4.194786638696312,-4.389889623352244,,Not in the DMS,Not in the DMS
459,P501P,1,0,synonymous,F4,-4.02504845768437,-4.233383976878696,,Not in the DMS,Not in the DMS
460,P501S,1,1,non-synonymous,F4,-4.195093271757138,-4.38837639603715,,Not in the DMS,Not in the DMS
461,P501T,1,1,non-synonymous,F4,-3.985980735476259,-4.302461083553874,,Not in the DMS,Not in the DMS
462,P503H,1,1,non-synonymous,F4,-3.6559987129561007,-4.070984934291149,-0.146938840929857,Deleterious,Sensitive
463,P503L,1,1,non-synonymous,F4,-4.051753643707985,-4.252545686329478,-0.42232501471424,Deleterious,Sensitive
464,P503P,1,0,synonymous,F4,-3.8650803759163326,-4.563981141886416,-0.028750808314929,Neutral,Sensitive
465,P503S,1,1,non-synonymous,F4,-4.168595904365544,-4.365497650756812,-0.302911230873425,Deleterious,Sensitive
466,P503T,1,1,non-synonymous,F4,-3.586607731064806,-3.897814890350239,-0.221498886674675,Deleterious,Sensitive
467,P512A,1,1,non-synonymous,F4,-4.129141188485361,-5.128543040337618,,Not in the DMS,Not in the DMS
468,P512H,1,1,non-synonymous,F4,-3.4066121708178407,-3.924460844579205,,Not in the DMS,Not in the DMS
469,P512L,1,1,non-synonymous,F4,-3.3343490526159307,-2.710254630902198,,Not in the DMS,Not in the DMS
470,P512P,1,0,synonymous,F4,-3.417370832285389,-3.761765175761197,,Not in the DMS,Not in the DMS
471,P512S,1,1,non-synonymous,F4,-3.3590974545031185,-3.6987985222883055,,Not in the DMS,Not in the DMS
472,P512T,1,1,non-synonymous,F4,-4.598224339519081,-4.207554824745849,,Not in the DMS,Not in the DMS
473,P515A,1,1,non-synonymous,F4,-4.151962994547885,-4.440665831933087,,Not in the DMS,Not in the DMS
474,P515L,1,1,non-synonymous,F4,-3.726434419534295,-3.976605438682772,,Not in the DMS,Not in the DMS
475,P515P,1,0,synonymous,F4,-3.6474652671597636,-4.023501174631826,,Not in the DMS,Not in the DMS
476,P515Q,1,1,non-synonymous,F4,-3.5046787448596857,-3.8884176299376927,,Not in the DMS,Not in the DMS
477,P515S,1,1,non-synonymous,F4,-3.7217752719486112,-3.3244996114576866,,Not in the DMS,Not in the DMS
478,P515T,1,1,non-synonymous,F4,-4.04470310706509,-3.140073598853466,,Not in the DMS,Not in the DMS
479,Q474*,1,1,stop,F4,-3.7285907071854005,-4.33917554213314,,Not in the DMS,Not in the DMS
480,Q474E,1,1,non-synonymous,F4,-5.339233742607274,-5.052097097130858,-0.359395884335034,Deleterious,Sensitive
481,Q474H,1,1,non-synonymous,F4,-4.275743517561374,-4.95216742284746,0.0537430487173449,Beneficial,Resistant
482,Q474K,1,1,non-synonymous,F4,-4.881343163074777,-4.233383976878696,0.186506553282697,Beneficial,Resistant
483,Q474Q,1,0,synonymous,F4,-4.969408644142517,-4.8760058380751765,-0.060587154811824,Neutral,Sensitive
484,Q474R,1,1,non-synonymous,F4,-4.997523554349797,-5.004270783050484,0.165355571732721,Beneficial,Resistant
485,Q479*,1,1,stop,F4,-3.9987029971747092,-4.265081463266998,,Not in the DMS,Not in the DMS
486,Q479H,1,1,non-synonymous,F4,-4.406886858299164,-4.367770147018615,0.0016218338109808,Neutral,Sensitive
487,Q479K,1,1,non-synonymous,F4,-3.056498443696154,-3.70196162845264,-0.249994807150704,Deleterious,Sensitive
488,Q479L,1,1,non-synonymous,F4,-5.2193723039661535,-5.052097097130858,-0.468785928050009,Deleterious,Sensitive
489,Q479P,1,1,non-synonymous,F4,-4.572030304789238,-4.790799903707928,-0.571066087915543,Deleterious,Sensitive
490,Q479Q,1,0,synonymous,F4,-3.519275212404251,-3.687006950260247,-0.025842877965441,Neutral,Sensitive
491,Q479R,1,1,non-synonymous,F4,-4.13058700433741,-4.250273190067675,-0.486430159587238,Deleterious,Sensitive
492,R381G,1,1,non-synonymous,F4,-3.918603835525961,-4.350249610736736,0.146983086548992,Beneficial,Resistant
493,R381I,1,1,non-synonymous,F4,-4.1827407241094825,-4.435119433967343,-0.333749148307511,Deleterious,Sensitive
494,R381K,1,1,non-synonymous,F4,-4.450867526728455,-4.777452021228972,-0.194509792516191,Deleterious,Sensitive
495,R381R,1,0,synonymous,F4,-4.749309539121371,-4.975935512358575,0.0176064011248971,Neutral,Sensitive
496,R381S,1,1,non-synonymous,F4,-4.971158288737727,-4.072576400970311,-0.252039425078256,Deleterious,Sensitive
497,R388G,1,1,non-synonymous,F4,-3.7706722286607146,-3.762203981208896,,Not in the DMS,Not in the DMS
498,R388K,1,1,non-synonymous,F4,-4.8567046689921085,-4.827513044673637,,Not in the DMS,Not in the DMS
499,R388M,1,1,non-synonymous,F4,-4.113122087019095,-3.9957541134010937,,Not in the DMS,Not in the DMS
500,R388R,1,0,synonymous,F4,-4.918342308302172,-5.140284905875937,,Not in the DMS,Not in the DMS
501,R388S,1,1,non-synonymous,F4,-4.060554591972705,-4.239325235928558,,Not in the DMS,Not in the DMS
502,R388W,1,1,non-synonymous,F4,-5.094433567357854,-4.739991715249724,,Not in the DMS,Not in the DMS
503,R414*,1,1,stop,F4,-4.848807535400493,-4.629690256340968,,Not in the DMS,Not in the DMS
504,R414G,1,1,non-synonymous,F4,-4.12716549804815,-4.344752602362688,,Not in the DMS,Not in the DMS
505,R414I,1,1,non-synonymous,F4,-3.9188345356883545,-4.238044811322941,,Not in the DMS,Not in the DMS
506,R414K,1,1,non-synonymous,F4,-5.09272664736835,-4.651421785617956,,Not in the DMS,Not in the DMS
507,R414R,1,0,synonymous,F4,-3.4824621567896594,-2.962230523315593,,Not in the DMS,Not in the DMS
508,R414S,1,1,non-synonymous,F4,-2.7610507114845975,-3.122827180732481,,Not in the DMS,Not in the DMS
509,R426C,1,1,non-synonymous,F4,-3.7850146709253787,-3.9236669331800034,,Not in the DMS,Not in the DMS
510,R426H,1,1,non-synonymous,F4,-3.734585985205017,-4.391129628981137,,Not in the DMS,Not in the DMS
511,R426L,1,1,non-synonymous,F4,-4.574618288060304,-4.253026423011662,,Not in the DMS,Not in the DMS
512,R426P,1,1,non-synonymous,F4,-4.326705704154467,-4.067141519958003,,Not in the DMS,Not in the DMS
513,R426R,1,0,synonymous,F4,-4.225290390300437,-4.952451781281937,,Not in the DMS,Not in the DMS
514,R426S,1,1,non-synonymous,F4,-4.944750298519949,-4.464051467603017,,Not in the DMS,Not in the DMS
515,R467G,1,1,non-synonymous,F4,-4.6833109258797805,-4.541021710913705,0.22834956631847,Beneficial,Resistant
516,R467I,1,1,non-synonymous,F4,-3.473954778296913,-3.2254802936861133,0.267072775648599,Beneficial,Resistant
517,R467K,1,1,non-synonymous,F4,-5.068860800659514,-4.552097097130858,0.243888221766016,Beneficial,Resistant
518,R467R,1,0,synonymous,F4,-4.689442057861638,-4.654785780882474,-0.0030302577904047,Neutral,Sensitive
519,R467S,1,1,non-synonymous,F4,-4.687731643346784,-3.928367070050773,0.261388320075666,Beneficial,Resistant
520,R467T,1,1,non-synonymous,F4,-5.212320803141976,-4.989769908043947,0.244125072562731,Beneficial,Resistant
521,R469*,1,1,stop,F4,-5.09272664736835,-5.140284905875937,,Not in the DMS,Not in the DMS
522,R469G,1,1,non-synonymous,F4,-4.049606779407098,-4.186713640374367,-0.444507468516932,Deleterious,Sensitive
523,R469I,1,1,non-synonymous,F4,-3.6978922317869602,-4.169379975446216,-0.453754653344425,Deleterious,Sensitive
524,R469K,1,1,non-synonymous,F4,-4.706239005447594,-4.783088512755293,-0.201859767834262,Deleterious,Sensitive
525,R469R,1,0,synonymous,F4,-4.436465747803354,-4.390506713081715,-0.0082287452231584,Neutral,Sensitive
526,R469S,1,1,non-synonymous,F4,-4.384991233167949,-4.471203882509398,-0.531378557305178,Deleterious,Sensitive
527,R492*,1,1,stop,F4,-4.757236155460564,-4.978694521826793,,Not in the DMS,Not in the DMS
528,R492G,1,1,non-synonymous,F4,-4.363048566933595,-4.479033079291739,,Not in the DMS,Not in the DMS
529,R492I,1,1,non-synonymous,F4,-3.872517705834272,-4.188802723518387,,Not in the DMS,Not in the DMS
530,R492K,1,1,non-synonymous,F4,-5.094433567357854,-4.6908702294245295,,Not in the DMS,Not in the DMS
531,R492R,1,0,synonymous,F4,-4.404797133170831,-4.581721763043356,,Not in the DMS,Not in the DMS
532,S378C,1,1,non-synonymous,F4,-4.766120390480679,-4.776076163791779,-0.547548854810507,Deleterious,Sensitive
533,S378G,1,1,non-synonymous,F4,-4.1216678058974185,-4.354903001221843,-0.466630161234909,Deleterious,Sensitive
534,S378I,1,1,non-synonymous,F4,-4.918342308302172,-4.337521948092237,-0.436550202837806,Deleterious,Sensitive
535,S378N,1,1,non-synonymous,F4,-3.610274085576836,-3.888249450858068,-0.366913135730966,Deleterious,Sensitive
536,S378S,1,0,synonymous,F4,-3.8965980666975133,-4.108370997862433,-0.0125590126475256,Neutral,Sensitive
537,S378T,1,1,non-synonymous,F4,-3.959731910208671,-4.717255149186624,-0.354001591834797,Deleterious,Sensitive
538,S405C,1,1,non-synonymous,F4,-4.006771772922177,-4.9160829743054055,0.181076155305951,Beneficial,Resistant
539,S405G,1,1,non-synonymous,F4,-3.993226378108404,-4.271207847841384,-0.0151531282547235,Neutral,Sensitive
540,S405I,1,1,non-synonymous,F4,-4.266120390480678,-4.373606396634292,0.223587520184695,Beneficial,Resistant
541,S405N,1,1,non-synonymous,F4,-3.435480951371901,-3.754124052514477,0.0184873490989735,Neutral,Sensitive
542,S405R,1,1,non-synonymous,F4,-4.844344017847382,-4.478552342609556,-0.279215950975944,Deleterious,Sensitive
543,S405S,1,0,synonymous,F4,-3.286599694320132,-3.367987364869431,0.0036811731113268,Neutral,Sensitive
544,S412C,1,1,non-synonymous,F4,-4.033676991329353,-4.706518320434418,,Not in the DMS,Not in the DMS
545,S412G,1,1,non-synonymous,F4,-4.576773513225355,-4.805300778714464,,Not in the DMS,Not in the DMS
546,S412I,1,1,non-synonymous,F4,-4.758606680707601,-4.343161135683524,,Not in the DMS,Not in the DMS
547,S412N,1,1,non-synonymous,F4,-3.7922401995249766,-4.491900225088511,,Not in the DMS,Not in the DMS
548,S412R,1,1,non-synonymous,F4,-4.314575396984707,-4.754086762742219,,Not in the DMS,Not in the DMS
549,S412S,1,0,synonymous,F4,-4.281520210714998,-5.140284905875937,,Not in the DMS,Not in the DMS
550,S412T,1,1,non-synonymous,F4,-3.8374541422650443,-4.827513044673637,,Not in the DMS,Not in the DMS
551,S436F,1,1,non-synonymous,F4,-4.58919740243091,-4.602824599896689,-0.0091702485109352,Neutral,Sensitive
552,S436S,1,0,synonymous,F4,-4.742251049246491,-4.95216742284746,-0.0018151611610541,Neutral,Sensitive
553,S436Y,1,1,non-synonymous,F4,-3.50468101784051,-4.171321102848767,0.0391988007436591,Neutral,Sensitive
554,S438G,1,1,non-synonymous,F4,-4.677243031958751,-4.95216742284746,,Not in the DMS,Not in the DMS
555,S438I,1,1,non-synonymous,F4,-4.728240181971721,-4.438961719585743,,Not in the DMS,Not in the DMS
556,S438N,1,1,non-synonymous,F4,-3.836095022172739,-4.353755785218493,,Not in the DMS,Not in the DMS
557,S438R,1,1,non-synonymous,F4,-4.7351995484223135,-4.450037105802895,,Not in the DMS,Not in the DMS
558,S438S,1,0,synonymous,F4,-4.435156654186831,-4.273867607383146,,Not in the DMS,Not in the DMS
559,S441F,1,1,non-synonymous,F4,-3.8118175092195843,-4.328660260676987,,Not in the DMS,Not in the DMS
560,S441P,1,1,non-synonymous,F4,-4.3796327485599225,-4.9160829743054055,,Not in the DMS,Not in the DMS
561,S441S,1,0,synonymous,F4,-3.802101358552819,-4.213750292318425,,Not in the DMS,Not in the DMS
562,S441T,1,1,non-synonymous,F4,-4.07206201420426,-4.850996775750275,,Not in the DMS,Not in the DMS
563,S441Y,1,1,non-synonymous,F4,-3.676971767412604,-4.147315605986006,,Not in the DMS,Not in the DMS
564,S442C,1,1,non-synonymous,F4,-4.231765932383809,-4.813678648988265,,Not in the DMS,Not in the DMS
565,S442G,1,1,non-synonymous,F4,-4.022201278512821,-4.087387634273712,,Not in the DMS,Not in the DMS
566,S442I,1,1,non-synonymous,F4,-4.58919740243091,-4.3760058380751765,,Not in the DMS,Not in the DMS
567,S442N,1,1,non-synonymous,F4,-3.4389117798538154,-4.054949426156281,,Not in the DMS,Not in the DMS
568,S442S,1,0,synonymous,F4,-3.971514256086028,-5.0522392763480966,,Not in the DMS,Not in the DMS
569,S453*,1,1,stop,F4,-3.2932975335469363,-4.000764608568726,,Not in the DMS,Not in the DMS
570,S453A,1,1,non-synonymous,F4,-4.225290390300437,-4.476422025564991,,Not in the DMS,Not in the DMS
571,S453L,1,1,non-synonymous,F4,-4.1809080363510365,-4.443497304241143,,Not in the DMS,Not in the DMS
572,S453P,1,1,non-synonymous,F4,-4.121240333794643,-4.901582099298867,,Not in the DMS,Not in the DMS
573,S453S,1,0,synonymous,F4,-4.43614375561533,-4.414423091388231,,Not in the DMS,Not in the DMS
574,S457C,1,1,non-synonymous,F4,-4.660552812185488,-5.00493726237165,,Not in the DMS,Not in the DMS
575,S457G,1,1,non-synonymous,F4,-4.076770065137495,-4.182353559775139,,Not in the DMS,Not in the DMS
576,S457I,1,1,non-synonymous,F4,-4.435529668757368,-4.501573267107131,,Not in the DMS,Not in the DMS
577,S457N,1,1,non-synonymous,F4,-3.5618190790728073,-3.931822472989558,,Not in the DMS,Not in the DMS
578,S457R,1,1,non-synonymous,F4,-4.818893646310526,-4.817042644252783,,Not in the DMS,Not in the DMS
579,S457S,1,0,synonymous,F4,-3.5574918156556747,-4.148812777328519,,Not in the DMS,Not in the DMS
580,S458*,1,1,stop,F4,-3.7736068520309756,-4.343018956466286,,Not in the DMS,Not in the DMS
581,S458L,1,1,non-synonymous,F4,-4.338896227146318,-4.079024247100002,-0.323269265052069,Deleterious,Sensitive
582,S458P,1,1,non-synonymous,F4,-4.17056105117976,-3.5109050813684783,0.20543752713893,Beneficial,Resistant
583,S458S,1,0,synonymous,F4,-4.466044637307542,-4.663021471939036,-0.0036349445030621,Neutral,Sensitive
584,S506C,1,1,non-synonymous,F4,-5.212320803141976,-4.850996775750275,-0.212290074237713,Deleterious,Sensitive
585,S506G,1,1,non-synonymous,F4,-4.213600633857947,-4.299664287188143,-0.196337767173071,Deleterious,Sensitive
586,S506I,1,1,non-synonymous,F4,-4.354305227551224,-4.174301848511851,-0.0057832075233685,Neutral,Sensitive
587,S506N,1,1,non-synonymous,F4,-3.7603606300990644,-4.012506474107045,-0.0541373913054411,Deleterious,Sensitive
588,S506R,1,1,non-synonymous,F4,-4.615299789541196,-4.501431087889893,0.0215905679150302,Neutral,Sensitive
589,S506S,1,0,synonymous,F4,-3.6451310663111816,-4.265081463266998,0.0089925944223423,Neutral,Sensitive
590,S507A,1,1,non-synonymous,F4,-5.128788025454723,-4.402877271043687,-0.454684875461231,Deleterious,Sensitive
591,S507F,1,1,non-synonymous,F4,-4.131330168963664,-4.610717736532199,-0.436195233667368,Deleterious,Sensitive
592,S507P,1,1,non-synonymous,F4,-3.987137411102948,-4.901724278516106,-0.484186892545874,Deleterious,Sensitive
593,S507S,1,0,synonymous,F4,-4.545189556465446,-4.622459602070518,-0.0454131342150045,Neutral,Sensitive
594,S507T,1,1,non-synonymous,F4,-3.8765287012187826,-4.640951385197103,-0.223408283048516,Deleterious,Sensitive
595,S507Y,1,1,non-synonymous,F4,-3.9544957452817284,-4.401724278516106,-0.274950882992189,Deleterious,Sensitive
596,T384A,1,1,non-synonymous,F4,-4.896344626303398,-4.512648653324284,,Not in the DMS,Not in the DMS
597,T384I,1,1,non-synonymous,F4,-4.389893377159287,-4.421722845673375,,Not in the DMS,Not in the DMS
598,T384N,1,1,non-synonymous,F4,-5.179785175467693,-4.567887367357984,,Not in the DMS,Not in the DMS
599,T384P,1,1,non-synonymous,F4,-5.339233742607274,-3.870291107184786,,Not in the DMS,Not in the DMS
600,T384S,1,1,non-synonymous,F4,-4.730237038200958,-4.813678648988265,,Not in the DMS,Not in the DMS
601,T384T,1,0,synonymous,F4,-4.434169552758332,-4.776076163791779,,Not in the DMS,Not in the DMS
602,T392I,1,1,non-synonymous,F4,-4.073515924547121,-4.333535036928296,,Not in the DMS,Not in the DMS
603,T392N,1,1,non-synonymous,F4,-5.1683786484785355,-4.486930212883355,,Not in the DMS,Not in the DMS
604,T392S,1,1,non-synonymous,F4,-4.24106656849539,-4.765081463266998,,Not in the DMS,Not in the DMS
605,T392T,1,0,synonymous,F4,-3.590190040836548,-4.003038422444087,,Not in the DMS,Not in the DMS
606,T411A,1,1,non-synonymous,F4,-3.9711877714853037,-3.8935636641293145,,Not in the DMS,Not in the DMS
607,T411K,1,1,non-synonymous,F4,-4.542096564159372,-4.534858223218491,,Not in the DMS,Not in the DMS
608,T411M,1,1,non-synonymous,F4,-3.2438041247900014,-2.947215604784538,,Not in the DMS,Not in the DMS
609,T411P,1,1,non-synonymous,F4,-4.499322533232483,-4.0696176334127365,,Not in the DMS,Not in the DMS
610,T411S,1,1,non-synonymous,F4,-4.971158288737727,-4.629690256340968,,Not in the DMS,Not in the DMS
611,T411T,1,0,synonymous,F4,-3.233076024732595,-3.802904033338546,,Not in the DMS,Not in the DMS
612,T425A,1,1,non-synonymous,F4,-4.737173751279311,-4.1060497957856175,,Not in the DMS,Not in the DMS
613,T425I,1,1,non-synonymous,F4,-4.094635047205521,-4.20714123633384,,Not in the DMS,Not in the DMS
614,T425K,1,1,non-synonymous,F4,-4.896344626303398,-4.593870122855895,,Not in the DMS,Not in the DMS
615,T425P,1,1,non-synonymous,F4,-5.3038921830819055,-5.154785780882475,,Not in the DMS,Not in the DMS
616,T425S,1,1,non-synonymous,F4,-4.309230816150032,-4.805300778714464,,Not in the DMS,Not in the DMS
617,T425T,1,0,synonymous,F4,-4.687731643346784,-4.87999852576335,,Not in the DMS,Not in the DMS
618,T429A,1,1,non-synonymous,F4,-3.7904412206422897,-3.7897168728296737,,Not in the DMS,Not in the DMS
619,T429I,1,1,non-synonymous,F4,-3.6297059410558465,-3.8732718528478696,,Not in the DMS,Not in the DMS
620,T429N,1,1,non-synonymous,F4,-4.980815171131673,-4.251209280684115,,Not in the DMS,Not in the DMS
621,T429P,1,1,non-synonymous,F4,-4.643720302855968,-4.615195157858662,,Not in the DMS,Not in the DMS
622,T429S,1,1,non-synonymous,F4,-4.7351995484223135,-4.952309602064698,,Not in the DMS,Not in the DMS
623,T429T,1,0,synonymous,F4,-4.54562231457146,-4.739991715249724,,Not in the DMS,Not in the DMS
624,T482A,1,1,non-synonymous,F4,-4.092389131907394,-4.469740044786,,Not in the DMS,Not in the DMS
625,T482I,1,1,non-synonymous,F4,-3.983185880304725,-4.166927697410605,,Not in the DMS,Not in the DMS
626,T482N,1,1,non-synonymous,F4,-4.878755179803711,-4.251875760005281,,Not in the DMS,Not in the DMS
627,T482P,1,1,non-synonymous,F4,-3.988976785714698,-4.21720628952659,,Not in the DMS,Not in the DMS
628,T482T,1,0,synonymous,F4,-3.790290320758504,-4.314022982977443,,Not in the DMS,Not in the DMS
629,T485K,1,1,non-synonymous,F4,-4.980815171131673,-4.252545686329478,,Not in the DMS,Not in the DMS
630,T485M,1,1,non-synonymous,F4,-4.177922679590114,-4.227632759981934,,Not in the DMS,Not in the DMS
631,T485P,1,1,non-synonymous,F4,-4.432939997391264,-4.357514054948592,,Not in the DMS,Not in the DMS
632,T485T,1,0,synonymous,F4,-4.201417012207003,-4.259366732376607,,Not in the DMS,Not in the DMS
633,T486K,1,1,non-synonymous,F4,-4.696493558685816,-3.905630503987674,,Not in the DMS,Not in the DMS
634,T486M,1,1,non-synonymous,F4,-4.125228519729383,-3.856771722796407,,Not in the DMS,Not in the DMS
635,T486P,1,1,non-synonymous,F4,-5.004681017840509,-4.717255149186624,,Not in the DMS,Not in the DMS
636,T486R,1,1,non-synonymous,F4,-5.021756467862624,-4.677522346945574,,Not in the DMS,Not in the DMS
637,T486T,1,0,synonymous,F4,-4.589340104498968,-4.120735779300174,,Not in the DMS,Not in the DMS
638,T494A,1,1,non-synonymous,F4,-3.839182720224759,-3.762205298822453,,Not in the DMS,Not in the DMS
639,T494I,1,1,non-synonymous,F4,-4.067130534604761,-4.514778970368848,,Not in the DMS,Not in the DMS
640,T494N,1,1,non-synonymous,F4,-4.820692625193212,-4.20810978711358,,Not in the DMS,Not in the DMS
641,T494P,1,1,non-synonymous,F4,-4.07351592454712,-4.952451781281937,,Not in the DMS,Not in the DMS
642,T494S,1,1,non-synonymous,F4,-5.212320803141976,-5.052097097130858,,Not in the DMS,Not in the DMS
643,T494T,1,0,synonymous,F4,-5.1208415575756305,-4.964051467603017,,Not in the DMS,Not in the DMS
644,T513A,1,1,non-synonymous,F4,-3.7217752719486112,-4.552097097130858,,Not in the DMS,Not in the DMS
645,T513I,1,1,non-synonymous,F4,-3.311135833179655,-3.4764220255649905,,Not in the DMS,Not in the DMS
646,T513N,1,1,non-synonymous,F4,-4.862112487887611,-4.387142717817195,,Not in the DMS,Not in the DMS
647,T513S,1,1,non-synonymous,F4,-4.230828165242786,-5.152026771414256,,Not in the DMS,Not in the DMS
648,T513T,1,0,synonymous,F4,-3.4940370340180644,-3.89542625520378,,Not in the DMS,Not in the DMS
649,V383F,1,1,non-synonymous,F4,-4.869890796323495,-4.299522107970905,,Not in the DMS,Not in the DMS
650,V383I,1,1,non-synonymous,F4,-4.177979618807928,-4.95216742284746,,Not in the DMS,Not in the DMS
651,V383V,1,0,synonymous,F4,-4.613786562226102,-4.754086762742219,,Not in the DMS,Not in the DMS
652,V396A,1,1,non-synonymous,F4,-3.8960965997305137,-4.096588103220175,,Not in the DMS,Not in the DMS
653,V396D,1,1,non-synonymous,F4,-5.038203746943292,-4.889840233760548,,Not in the DMS,Not in the DMS
654,V396F,1,1,non-synonymous,F4,-4.625262275042634,-4.292433632917693,,Not in the DMS,Not in the DMS
655,V396I,1,1,non-synonymous,F4,-3.3614060051634826,-4.113962797252265,,Not in the DMS,Not in the DMS
656,V396V,1,0,synonymous,F4,-3.8771326523971372,-4.217735885868809,,Not in the DMS,Not in the DMS
657,V402A,1,1,non-synonymous,F4,-5.038203746943292,-5.052097097130858,-0.0978621426397602,Deleterious,Sensitive
658,V402F,1,1,non-synonymous,F4,-4.600145214996518,-4.348969186131119,-0.0748997444620828,Deleterious,Sensitive
659,V402G,1,1,non-synonymous,F4,-5.038203746943292,-4.978552342609556,-0.14994890978715,Deleterious,Sensitive
660,V402I,1,1,non-synonymous,F4,-3.8635814438659253,-4.350249610736736,0.0275911293812387,Neutral,Sensitive
661,V404A,1,1,non-synonymous,F4,-4.478273027622732,-4.1998781097355415,-0.0888914389299272,Deleterious,Sensitive
662,V404D,1,1,non-synonymous,F4,-4.308298996775557,-4.989769908043947,-0.0356755845868695,Deleterious,Sensitive
663,V404F,1,1,non-synonymous,F4,-5.163142483551592,-4.196416627390274,0.170517201255504,Beneficial,Resistant
664,V404G,1,1,non-synonymous,F4,-4.749309539121371,-4.8760058380751765,-0.212360120922932,Deleterious,Sensitive
665,V404I,1,1,non-synonymous,F4,-3.6377655359189776,-3.3954799512834963,0.16930483843261,Beneficial,Resistant
666,V404L,1,1,non-synonymous,F4,-4.374274263951897,-4.53889139386914,0.190648197244693,Beneficial,Resistant
667,V404V,1,0,synonymous,F4,-3.290053518945558,-3.84253244325987,-0.019904964976416,Neutral,Sensitive
668,V437A,1,1,non-synonymous,F4,-4.142011694771426,-4.952451781281937,,Not in the DMS,Not in the DMS
669,V437I,1,1,non-synonymous,F4,-3.992267537882955,-4.251209280684115,,Not in the DMS,Not in the DMS
670,V437L,1,1,non-synonymous,F4,-4.851395518671559,-4.50364209062683,,Not in the DMS,Not in the DMS
671,V437V,1,0,synonymous,F4,-4.851395518671559,-4.6908702294245295,,Not in the DMS,Not in the DMS
672,V445A,1,1,non-synonymous,F4,-4.824232279378653,-4.952451781281937,,Not in the DMS,Not in the DMS
673,V445I,1,1,non-synonymous,F4,-4.276713351920609,-4.850996775750275,,Not in the DMS,Not in the DMS
674,V445L,1,1,non-synonymous,F4,-4.790758884563346,-4.482058517091312,,Not in the DMS,Not in the DMS
675,V445V,1,0,synonymous,F4,-5.163142483551592,-4.827513044673637,,Not in the DMS,Not in the DMS
676,V452A,1,1,non-synonymous,F4,-3.9079929508943354,-3.238311765040587,0.232857574532503,Beneficial,Resistant
677,V452I,1,1,non-synonymous,F4,-3.7436689415800855,-4.024422714211679,0.0907309502252073,Beneficial,Resistant
678,V452L,1,1,non-synonymous,F4,-4.618193375919754,-4.531400754551745,0.258897766889308,Beneficial,Resistant
679,V452V,1,0,synonymous,F4,-4.408350837596073,-4.8676279678013765,0.0254950268369391,Neutral,Sensitive
680,V456A,1,1,non-synonymous,F4,-4.327714221844046,-4.828037344777565,0.068799015275981,Beneficial,Resistant
681,V456F,1,1,non-synonymous,F4,-4.890227398094892,-4.753339597728679,0.156343287964855,Beneficial,Resistant
682,V456I,1,1,non-synonymous,F4,-3.73195102612613,-3.786427295744624,0.191762948000289,Beneficial,Resistant
683,V456V,1,0,synonymous,F4,-4.017179323899638,-4.153096748728265,-0.0003334067768078,Neutral,Sensitive
684,V478A,1,1,non-synonymous,F4,-3.97782110812361,-4.952309602064698,,Not in the DMS,Not in the DMS
685,V478D,1,1,non-synonymous,F4,-5.391937812609745,-4.776076163791779,,Not in the DMS,Not in the DMS
686,V478F,1,1,non-synonymous,F4,-4.74578029418393,-4.198454188299128,,Not in the DMS,Not in the DMS
687,V478G,1,1,non-synonymous,F4,-4.413106143375229,-4.446861299505662,,Not in the DMS,Not in the DMS
688,V478I,1,1,non-synonymous,F4,-3.575889001855932,-3.956696564218451,,Not in the DMS,Not in the DMS
689,V478V,1,0,synonymous,F4,-4.911276903704643,-4.347554541121687,,Not in the DMS,Not in the DMS
690,V488A,1,1,non-synonymous,F4,-4.851395518671559,-5.166527646420794,,Not in the DMS,Not in the DMS
691,V488D,1,1,non-synonymous,F4,-5.187731643346784,-4.7039072667076685,,Not in the DMS,Not in the DMS
692,V488F,1,1,non-synonymous,F4,-4.848807535400493,-4.249476318564397,,Not in the DMS,Not in the DMS
693,V488I,1,1,non-synonymous,F4,-4.789877821281784,-4.567220888036818,,Not in the DMS,Not in the DMS
694,V488V,1,0,synonymous,F4,-5.094433567357854,-4.8676279678013765,,Not in the DMS,Not in the DMS
695,V500D,1,1,non-synonymous,F4,-5.363822902402465,-4.369143891181436,,Not in the DMS,Not in the DMS
696,V500F,1,1,non-synonymous,F4,-4.795165698256998,-4.190076318025328,,Not in the DMS,Not in the DMS
697,V500I,1,1,non-synonymous,F4,-4.121240333794643,-4.467557642084775,,Not in the DMS,Not in the DMS
698,V500V,1,0,synonymous,F4,-4.222331347133295,-4.328037344777565,,Not in the DMS,Not in the DMS
699,V509A,1,1,non-synonymous,F4,-3.9987029971747092,-4.674905516694594,-0.353235380866089,Deleterious,Sensitive
700,V509D,1,1,non-synonymous,F4,-5.179785175467693,-4.651421785617956,-0.3080680494325,Deleterious,Sensitive
701,V509F,1,1,non-synonymous,F4,-4.827758029790742,-4.275459074062308,-0.0090003830221183,Neutral,Sensitive
702,V509I,1,1,non-synonymous,F4,-4.101630834754401,-2.085971823230829,0.322968637726732,Beneficial,Resistant
703,V509L,1,1,non-synonymous,F4,-4.116670769309992,-2.1838994063959123,0.324011882923768,Beneficial,Resistant
704,V509V,1,0,synonymous,F4,-4.851395518671559,-4.607958727063981,-0.0006815681607741,Neutral,Sensitive
705,V510A,1,1,non-synonymous,F4,-3.895236269898923,-4.669280879364781,-0.364751506636743,Deleterious,Sensitive
706,V510D,1,1,non-synonymous,F4,-5.076807268538606,-4.964051467603017,-0.487923895249443,Deleterious,Sensitive
707,V510F,1,1,non-synonymous,F4,-4.619903790434607,-4.089957454099917,-0.351784580096079,Deleterious,Sensitive
708,V510G,1,1,non-synonymous,F4,-5.066318657150573,-4.975935512358575,-0.463658756768977,Deleterious,Sensitive
709,V510I,1,1,non-synonymous,F4,-3.575216210026558,-4.399922216381693,-0.0149587852504347,Neutral,Sensitive
710,V510V,1,0,synonymous,F4,-4.069546999159645,-4.87999852576335,-0.0493981753904439,Neutral,Sensitive
711,W427*,1,1,stop,F4,-3.7370339578191247,-4.401582099298867,,Not in the DMS,Not in the DMS
712,W427C,1,1,non-synonymous,F4,-3.804826866971202,-4.004672151653852,,Not in the DMS,Not in the DMS
713,W427G,1,1,non-synonymous,F4,-4.229650945426933,-4.73060303166558,,Not in the DMS,Not in the DMS
714,W427L,1,1,non-synonymous,F4,-3.3619668685787687,-3.815718872472252,,Not in the DMS,Not in the DMS
715,W427R,1,1,non-synonymous,F4,-3.9183423083021722,-4.369810370502602,,Not in the DMS,Not in the DMS
716,W493*,1,1,stop,F4,-4.012925833790465,-4.501573267107131,,Not in the DMS,Not in the DMS
717,W493C,1,1,non-synonymous,F4,-3.4235590133030627,-4.049886094393921,,Not in the DMS,Not in the DMS
718,W493G,1,1,non-synonymous,F4,-5.275777272874625,-4.677664526162812,,Not in the DMS,Not in the DMS
719,W493L,1,1,non-synonymous,F4,-3.2875357733661157,-3.880885756719755,,Not in the DMS,Not in the DMS
720,W493R,1,1,non-synonymous,F4,-4.3021515077791515,-4.615052978641424,,Not in the DMS,Not in the DMS
721,W520G,1,1,non-synonymous,F4,-5.029270177635702,-5.140284905875937,,Not in the DMS,Not in the DMS
722,W520R,1,1,non-synonymous,F4,-3.603191912691133,-5.00493726237165,,Not in the DMS,Not in the DMS
723,Y394*,1,1,stop,F4,-5.031858160906768,-4.424460844579205,,Not in the DMS,Not in the DMS
724,Y394C,1,1,non-synonymous,F4,-4.555724007615604,-4.95216742284746,,Not in the DMS,Not in the DMS
725,Y394F,1,1,non-synonymous,F4,-4.742251049246491,-5.016012648588803,,Not in the DMS,Not in the DMS
726,Y394H,1,1,non-synonymous,F4,-3.8014146475339996,-4.717112969969387,,Not in the DMS,Not in the DMS
727,Y394Y,1,0,synonymous,F4,-3.9932053050239777,-4.129210837272341,,Not in the DMS,Not in the DMS
728,Y401*,1,1,stop,F4,-5.094433567357854,-4.615195157858662,,Not in the DMS,Not in the DMS
729,Y401C,1,1,non-synonymous,F4,-4.29973299283869,-4.596216861525662,-0.15793665719293,Deleterious,Sensitive
730,Y401F,1,1,non-synonymous,F4,-3.499110359691347,-4.850996775750275,-0.0097252141312742,Neutral,Sensitive
731,Y401H,1,1,non-synonymous,F4,-4.564750944703775,-4.717255149186624,0.0340899187014989,Beneficial,Resistant
732,Y401Y,1,0,synonymous,F4,-3.7518799513660683,-3.852546651574987,0.012471909015665,Neutral,Sensitive
733,Y408*,1,1,stop,F4,-5.153377185249915,-4.8760058380751765,-0.0515385105298667,Deleterious,Sensitive
734,Y408F,1,1,non-synonymous,F4,-5.388412062197657,-4.95216742284746,0.0564390618572369,Beneficial,Resistant
735,Y408H,1,1,non-synonymous,F4,-4.4215153069572475,-3.8707468564795486,0.140354730213184,Beneficial,Resistant
736,Y408Y,1,0,synonymous,F4,-3.32672512061634,-3.475357242999295,0.0538962035876184,Neutral,Sensitive
737,Y415*,1,1,stop,F4,-4.244159560801465,-4.3843432253865,,Not in the DMS,Not in the DMS
738,Y415C,1,1,non-synonymous,F4,-3.5168186510065436,-3.018590223812104,,Not in the DMS,Not in the DMS
739,Y415D,1,1,non-synonymous,F4,-5.395463563021835,-5.00493726237165,,Not in the DMS,Not in the DMS
740,Y415F,1,1,non-synonymous,F4,-2.7361053153163413,-3.032877234525888,,Not in the DMS,Not in the DMS
741,Y415S,1,1,non-synonymous,F4,-2.5325056996259834,-3.061746683152686,,Not in the DMS,Not in the DMS
742,Y415Y,1,0,synonymous,F4,-4.38851879001035,-4.204388003389853,,Not in the DMS,Not in the DMS
743,Y447*,1,1,stop,F4,-5.191257393758873,-4.273945846747214,,Not in the DMS,Not in the DMS
744,Y447C,1,1,non-synonymous,F4,-4.248012031172632,-4.106240680817868,0.205800381714431,Beneficial,Resistant
745,Y447Y,1,0,synonymous,F4,-3.1954303476895296,-3.17620864700952,0.0522068465914266,Neutral,Sensitive
746,Y460*,1,1,stop,F4,-4.068068301745783,-3.719437551887849,,Not in the DMS,Not in the DMS
747,Y460C,1,1,non-synonymous,F4,-4.846219552129427,-5.154785780882475,0.0498954275119832,Beneficial,Resistant
748,Y460D,1,1,non-synonymous,F4,-5.388412062197657,-4.189406391701131,-0.0732212138088355,Deleterious,Sensitive
749,Y460H,1,1,non-synonymous,F4,-3.8662656219363,-4.168043569800853,0.0262972632594219,Neutral,Sensitive
750,Y460N,1,1,non-synonymous,F4,-4.147249547793408,-4.61780621158541,0.0516167140749728,Beneficial,Resistant
751,Y460S,1,1,non-synonymous,F4,-5.395463563021835,-4.074975842411195,0.0500244199468948,Beneficial,Resistant
752,Y460Y,1,0,synonymous,F4,-4.655100873527591,-3.7928217424775816,0.0172158607972643,Neutral,Sensitive
753,Y477*,1,1,stop,F4,-4.737173751279311,-4.438961719585743,,Not in the DMS,Not in the DMS
754,Y477C,1,1,non-synonymous,F4,-3.5463224790411036,-4.266190892372837,-0.0677186700536412,Deleterious,Sensitive
755,Y477D,1,1,non-synonymous,F4,-3.8382128858655236,-4.271209165454942,-0.0269099415280052,Neutral,Sensitive
756,Y477H,1,1,non-synonymous,F4,-3.878030178622317,-5.00493726237165,-0.0185307741908328,Neutral,Sensitive
757,Y477N,1,1,non-synonymous,F4,-4.330031843666102,-4.753339597728679,-0.0370013707587829,Neutral,Sensitive
758,Y477S,1,1,non-synonymous,F4,-4.615605392648687,-4.732236760875346,0.0005281608425926,Neutral,Sensitive
759,Y477Y,1,0,synonymous,F4,-3.7235841682682596,-3.963257556203816,0.0514949475761481,Neutral,Sensitive
760,Y489*,1,1,stop,F4,-5.153377185249915,-4.651137427183479,,Not in the DMS,Not in the DMS
761,Y489C,1,1,non-synonymous,F4,-4.8162858114995615,-4.952451781281937,,Not in the DMS,Not in the DMS
762,Y489D,1,1,non-synonymous,F4,-4.447568446049347,-4.566597972137396,,Not in the DMS,Not in the DMS
763,Y489H,1,1,non-synonymous,F4,-4.8478697682594705,-4.567887367357984,,Not in the DMS,Not in the DMS
764,Y489N,1,1,non-synonymous,F4,-4.918342308302172,-4.61780621158541,,Not in the DMS,Not in the DMS
765,Y489Y,1,0,synonymous,F4,-3.838183709142563,-4.765710155690653,,Not in the DMS,Not in the DMS
766,Y498*,1,1,stop,F4,-5.388412062197657,-4.941314901539919,,Not in the DMS,Not in the DMS
767,Y498H,1,1,non-synonymous,F4,-4.234955980702697,-4.14564041880943,,Not in the DMS,Not in the DMS
768,Y498N,1,1,non-synonymous,F4,-5.388412062197657,-4.626937023396981,,Not in the DMS,Not in the DMS
769,Y505*,1,1,stop,F4,-3.8519909433035684,-3.850249610736736,,Not in the DMS,Not in the DMS
770,Y505H,1,1,non-synonymous,F4,-4.490666656040387,-4.732236760875346,0.0786722530978696,Beneficial,Resistant
771,Y505N,1,1,non-synonymous,F4,-4.255437176577877,-4.783088512755293,0.144761152251948,Beneficial,Resistant
772,Y505Y,1,0,synonymous,F4,-4.603211764231032,-3.4205803711723024,-0.0243435010378046,Neutral,Sensitive
773,"['A409A', 'D421A']",2,1,non-synonymous,F4,-5.2678308049955325,-5.128543040337618,,Not in the DMS,Not in the DMS
774,"['A409T', 'D421A']",2,2,non-synonymous,F4,-4.7506602128285085,-4.95216742284746,,Not in the DMS,Not in the DMS
775,"['A409T', 'G465G']",2,1,non-synonymous,F4,-5.395463563021835,-4.717735885868809,,Not in the DMS,Not in the DMS
776,"['A430T', 'G465G']",2,1,non-synonymous,F4,-5.1833109258797805,-4.95216742284746,,Not in the DMS,Not in the DMS
777,"['A430V', 'G465G']",2,1,non-synonymous,F4,-5.212320803141976,-5.128543040337618,,Not in the DMS,Not in the DMS
778,"['A431T', 'G465G']",2,1,non-synonymous,F4,-5.388412062197657,-4.388180350843374,,Not in the DMS,Not in the DMS
779,"['A432T', 'G465G']",2,1,non-synonymous,F4,-5.395463563021835,-4.87999852576335,,Not in the DMS,Not in the DMS
780,"['D421A', 'A430T']",2,2,non-synonymous,F4,-4.886701647682803,-5.040355231592539,,Not in the DMS,Not in the DMS
781,"['D421A', 'A432D']",2,2,non-synonymous,F4,-5.212320803141976,-4.927967019060962,,Not in the DMS,Not in the DMS
782,"['D421A', 'A432V']",2,2,non-synonymous,F4,-4.7351995484223135,-5.00493726237165,,Not in the DMS,Not in the DMS
783,"['D421A', 'A434V']",2,2,non-synonymous,F4,-5.212320803141976,-5.052097097130858,,Not in the DMS,Not in the DMS
784,"['D421A', 'A516T']",2,2,non-synonymous,F4,-5.080333018950695,-5.128543040337618,,Not in the DMS,Not in the DMS
785,"['D421A', 'E517*']",2,2,stop,F4,-5.339233742607274,-5.154785780882475,,Not in the DMS,Not in the DMS
786,"['D421A', 'F449C']",2,2,non-synonymous,F4,-5.388412062197657,-4.482058517091312,,Not in the DMS,Not in the DMS
787,"['D421A', 'F449F']",2,1,non-synonymous,F4,-5.087382066533676,-4.964051467603017,,Not in the DMS,Not in the DMS
788,"['D421A', 'F449L']",2,2,non-synonymous,F4,-5.395463563021835,-4.541021710913705,,Not in the DMS,Not in the DMS
789,"['D421A', 'F449V']",2,2,non-synonymous,F4,-5.147249547793408,-4.231179417426168,,Not in the DMS,Not in the DMS
790,"['D421A', 'F449Y']",2,2,non-synonymous,F4,-5.212320803141976,-4.464680160026672,,Not in the DMS,Not in the DMS
791,"['D421A', 'F475L']",2,2,non-synonymous,F4,-5.2193723039661535,-4.95216742284746,,Not in the DMS,Not in the DMS
792,"['D421A', 'F487C']",2,2,non-synonymous,F4,-5.038203746943292,-5.078482016892953,,Not in the DMS,Not in the DMS
793,"['D421A', 'F487L']",2,2,non-synonymous,F4,-5.080333018950695,-4.964051467603017,,Not in the DMS,Not in the DMS
794,"['D421A', 'G448D']",2,2,non-synonymous,F4,-4.9148165578900835,-3.931613259485586,,Not in the DMS,Not in the DMS
795,"['D421A', 'G450E']",2,2,non-synonymous,F4,-5.388412062197657,-4.26343765942885,,Not in the DMS,Not in the DMS
796,"['D421A', 'G450R']",2,2,non-synonymous,F4,-5.212320803141976,-4.062440065473675,,Not in the DMS,Not in the DMS
797,"['D421A', 'G464S']",2,2,non-synonymous,F4,-4.786352070869695,-3.806039387169222,,Not in the DMS,Not in the DMS
798,"['D421A', 'G465C']",2,2,non-synonymous,F4,-5.091739545939852,-4.989769908043947,,Not in the DMS,Not in the DMS
799,"['D421A', 'G465G', 'H468Q']",3,2,non-synonymous,F4,-5.2193723039661535,-5.040355231592539,,Not in the DMS,Not in the DMS
800,"['D421A', 'G465G', 'Y505*']",3,2,stop,F4,-5.339233742607274,-5.152026771414256,,Not in the DMS,Not in the DMS
801,"['D421A', 'G465G']",2,1,non-synonymous,F4,-4.551476253004557,-3.86604119857742,,Not in the DMS,Not in the DMS
802,"['D421A', 'G466D']",2,2,non-synonymous,F4,-4.941293733935236,-4.760070968099366,,Not in the DMS,Not in the DMS
803,"['D421A', 'G466S']",2,2,non-synonymous,F4,-5.125262275042634,-4.651421785617956,,Not in the DMS,Not in the DMS
804,"['D421A', 'H468H']",2,1,non-synonymous,F4,-5.094433567357854,-4.9160829743054055,,Not in the DMS,Not in the DMS
805,"['D421A', 'H468Q']",2,2,non-synonymous,F4,-4.6010262782780815,-4.651421785617956,,Not in the DMS,Not in the DMS
806,"['D421A', 'K451I']",2,2,non-synonymous,F4,-5.395463563021835,-4.955815776546455,,Not in the DMS,Not in the DMS
807,"['D421A', 'K454E']",2,2,non-synonymous,F4,-5.388412062197657,-4.743978626413665,,Not in the DMS,Not in the DMS
808,"['D421A', 'K454K']",2,1,non-synonymous,F4,-4.974747277210644,-4.916225153522643,,Not in the DMS,Not in the DMS
809,"['D421A', 'K454N']",2,2,non-synonymous,F4,-5.104922178745887,-4.221642111340377,,Not in the DMS,Not in the DMS
810,"['D421A', 'L461V']",2,2,non-synonymous,F4,-5.004681017840509,-3.975188347345036,,Not in the DMS,Not in the DMS
811,"['D421A', 'L511I']",2,2,non-synonymous,F4,-4.990472053525619,-5.066740151354634,,Not in the DMS,Not in the DMS
812,"['D421A', 'P424S']",2,2,non-synonymous,F4,-5.2193723039661535,-5.154785780882475,,Not in the DMS,Not in the DMS
813,"['D421A', 'P462T']",2,2,non-synonymous,F4,-5.395463563021835,-5.152026771414256,,Not in the DMS,Not in the DMS
814,"['D421A', 'P501P']",2,1,non-synonymous,F4,-4.997523554349797,-5.140284905875937,,Not in the DMS,Not in the DMS
815,"['D421A', 'P512L']",2,2,non-synonymous,F4,-5.038203746943292,-4.827513044673637,,Not in the DMS,Not in the DMS
816,"['D421A', 'R467I']",2,2,non-synonymous,F4,-5.1929678082737265,-4.350249610736736,,Not in the DMS,Not in the DMS
817,"['D421A', 'R467S']",2,2,non-synonymous,F4,-5.212320803141976,-5.066597972137396,,Not in the DMS,Not in the DMS
818,"['D421A', 'S458P']",2,2,non-synonymous,F4,-5.087382066533676,-4.549359098225027,,Not in the DMS,Not in the DMS
819,"['D421A', 'T513T']",2,1,non-synonymous,F4,-5.090907816945765,-5.066740151354634,,Not in the DMS,Not in the DMS
820,"['D421A', 'V445L']",2,2,non-synonymous,F4,-5.367348652814554,-4.865497650756812,,Not in the DMS,Not in the DMS
821,"['D421A', 'V452A']",2,2,non-synonymous,F4,-5.163142483551592,-4.850996775750275,,Not in the DMS,Not in the DMS
822,"['D421A', 'V478V']",2,1,non-synonymous,F4,-5.09526529635194,-4.776076163791779,,Not in the DMS,Not in the DMS
823,"['D421A', 'V509I']",2,2,non-synonymous,F4,-5.3038921830819055,-3.827513044673637,,Not in the DMS,Not in the DMS
824,"['D421A', 'V509V']",2,1,non-synonymous,F4,-4.990472053525619,-5.140284905875937,,Not in the DMS,Not in the DMS
825,"['D421A', 'Y447Y']",2,1,non-synonymous,F4,-5.087382066533676,-5.016012648588803,,Not in the DMS,Not in the DMS
826,"['D421A', 'Y460*']",2,2,stop,F4,-5.038203746943292,-4.975935512358575,,Not in the DMS,Not in the DMS
827,"['D421A', 'Y460Y']",2,1,non-synonymous,F4,-5.395463563021835,-4.801794604232708,,Not in the DMS,Not in the DMS
828,"['D421A', 'Y505*']",2,2,stop,F4,-3.9313586451333755,-4.87999852576335,,Not in the DMS,Not in the DMS
829,"['D421A', 'Y505Y']",2,1,non-synonymous,F4,-5.212320803141976,-4.827513044673637,,Not in the DMS,Not in the DMS
830,"['D421G', 'F449C']",2,2,non-synonymous,F4,-5.212320803141976,-5.066597972137396,,Not in the DMS,Not in the DMS
831,"['D421G', 'F449V']",2,2,non-synonymous,F4,-5.125262275042634,-5.078482016892953,,Not in the DMS,Not in the DMS
832,"['D421G', 'G448D']",2,2,non-synonymous,F4,-4.9148165578900835,-4.952309602064698,,Not in the DMS,Not in the DMS
833,"['D421G', 'G448S']",2,2,non-synonymous,F4,-5.2193723039661535,-5.154785780882475,,Not in the DMS,Not in the DMS
834,"['D421G', 'G464S']",2,2,non-synonymous,F4,-5.119903790434608,-4.549359098225027,,Not in the DMS,Not in the DMS
835,"['D421G', 'G465G']",2,1,non-synonymous,F4,-4.133125653320999,-4.654785780882474,,Not in the DMS,Not in the DMS
836,"['D421V', 'A430T']",2,2,non-synonymous,F4,-5.388412062197657,-5.166527646420794,,Not in the DMS,Not in the DMS
837,"['D421V', 'F487L']",2,2,non-synonymous,F4,-5.2193723039661535,-5.066740151354634,,Not in the DMS,Not in the DMS
838,"['D421V', 'G464S']",2,2,non-synonymous,F4,-5.388412062197657,-4.482058517091312,,Not in the DMS,Not in the DMS
839,"['D421V', 'G465G']",2,1,non-synonymous,F4,-4.606721157628574,-4.545008622077646,,Not in the DMS,Not in the DMS
840,"['D421V', 'Y505*']",2,2,stop,F4,-4.677243031958751,-4.692017445427879,,Not in the DMS,Not in the DMS
841,"['D428Y', 'G465G']",2,1,non-synonymous,F4,-5.271356555407621,-5.152026771414256,,Not in the DMS,Not in the DMS
842,"['E413*', 'G465G']",2,1,stop,F4,-5.1208415575756305,-5.128543040337618,,Not in the DMS,Not in the DMS
843,"['E413K', 'G465G']",2,1,non-synonymous,F4,-5.339233742607274,-4.975935512358575,,Not in the DMS,Not in the DMS
844,"['E413K', 'R414S']",2,2,non-synonymous,F4,-5.212320803141976,-4.955815776546455,,Not in the DMS,Not in the DMS
845,"['E420A', 'D421A']",2,2,non-synonymous,F4,-4.515414874918184,-4.952451781281937,,Not in the DMS,Not in the DMS
846,"['E420G', 'D421G']",2,2,non-synonymous,F4,-5.339233742607274,-5.0522392763480966,,Not in the DMS,Not in the DMS
847,"['F487L', 'Y505*']",2,2,stop,F4,-4.944799632807426,-4.989769908043947,,Not in the DMS,Not in the DMS
848,"['G399G', 'D421A', 'G465G']",3,1,non-synonymous,F4,-5.395463563021835,-4.952451781281937,,Not in the DMS,Not in the DMS
849,"['G399G', 'D421A']",2,1,non-synonymous,F4,-4.165014641643561,-4.211804733353216,,Not in the DMS,Not in the DMS
850,"['G399G', 'D421G']",2,1,non-synonymous,F4,-4.145374013511363,-5.0522392763480966,,Not in the DMS,Not in the DMS
851,"['G399G', 'D421V']",2,1,non-synonymous,F4,-4.8162858114995615,-4.850996775750275,,Not in the DMS,Not in the DMS
852,"['G399G', 'G465G']",2,0,synonymous,F4,-5.038203746943292,-4.683781754371317,,Not in the DMS,Not in the DMS
853,"['G399G', 'L461V']",2,1,non-synonymous,F4,-5.395463563021835,-4.827513044673637,,Not in the DMS,Not in the DMS
854,"['G399G', 'R414R']",2,0,synonymous,F4,-4.560344131010124,-4.636960477077055,,Not in the DMS,Not in the DMS
855,"['G399G', 'R414S']",2,1,non-synonymous,F4,-4.545189556465446,-4.629690256340968,,Not in the DMS,Not in the DMS
856,"['G399G', 'Y415C']",2,1,non-synonymous,F4,-5.128788025454723,-4.780205254172959,,Not in the DMS,Not in the DMS
857,"['G399G', 'Y415F']",2,1,non-synonymous,F4,-4.971158288737727,-4.952451781281937,,Not in the DMS,Not in the DMS
858,"['G399G', 'Y415S']",2,1,non-synonymous,F4,-4.997523554349797,-5.128543040337618,,Not in the DMS,Not in the DMS
859,"['G407D', 'D421A']",2,2,non-synonymous,F4,-5.339233742607274,-4.765567976473415,,Not in the DMS,Not in the DMS
860,"['G407D', 'D421V']",2,2,non-synonymous,F4,-5.395463563021835,-5.152026771414256,,Not in the DMS,Not in the DMS
861,"['G407D', 'G465G']",2,1,non-synonymous,F4,-5.388412062197657,-4.654785780882475,,Not in the DMS,Not in the DMS
862,"['G407D', 'R414S']",2,2,non-synonymous,F4,-5.237897064365667,-5.066740151354634,,Not in the DMS,Not in the DMS
863,"['G407D', 'Y415F']",2,2,non-synonymous,F4,-5.388412062197657,-5.154785780882475,,Not in the DMS,Not in the DMS
864,"['G407S', 'D421A']",2,2,non-synonymous,F4,-4.954407180913895,-5.140284905875937,,Not in the DMS,Not in the DMS
865,"['G407S', 'R414R']",2,1,non-synonymous,F4,-5.388412062197657,-4.989769908043947,,Not in the DMS,Not in the DMS
866,"['G407S', 'R414S']",2,2,non-synonymous,F4,-5.388412062197657,-5.140284905875937,,Not in the DMS,Not in the DMS
867,"['G450W', 'G465G']",2,1,non-synonymous,F4,-5.388412062197657,-4.975935512358575,,Not in the DMS,Not in the DMS
868,"['G464G', 'G465G']",2,0,synonymous,F4,-5.339233742607274,-4.73060303166558,,Not in the DMS,Not in the DMS
869,"['G464S', 'E473*']",2,2,stop,F4,-5.212320803141976,-4.916225153522643,,Not in the DMS,Not in the DMS
870,"['G464S', 'G465G']",2,1,non-synonymous,F4,-5.388412062197657,-3.8385084289751,,Not in the DMS,Not in the DMS
871,"['G464S', 'T513T']",2,1,non-synonymous,F4,-5.388412062197657,-5.154785780882475,,Not in the DMS,Not in the DMS
872,"['G465G', 'A476E']",2,1,non-synonymous,F4,-5.2432416452003405,-4.779582338273536,,Not in the DMS,Not in the DMS
873,"['G465G', 'A476T']",2,1,non-synonymous,F4,-5.339233742607274,-4.916225153522643,,Not in the DMS,Not in the DMS
874,"['G465G', 'A476V']",2,1,non-synonymous,F4,-5.395463563021835,-5.0522392763480966,,Not in the DMS,Not in the DMS
875,"['G465G', 'A516T']",2,1,non-synonymous,F4,-5.388412062197657,-4.86412179331962,,Not in the DMS,Not in the DMS
876,"['G465G', 'D496D']",2,0,synonymous,F4,-5.388412062197657,-4.95216742284746,,Not in the DMS,Not in the DMS
877,"['G465G', 'D496N']",2,1,non-synonymous,F4,-4.689442057861638,-4.867770147018614,,Not in the DMS,Not in the DMS
878,"['G465G', 'E473*']",2,1,stop,F4,-5.388412062197657,-5.128543040337618,,Not in the DMS,Not in the DMS
879,"['G465G', 'F475F']",2,0,synonymous,F4,-5.095314630639416,-4.790799903707928,,Not in the DMS,Not in the DMS
880,"['G465G', 'F475L']",2,1,non-synonymous,F4,-5.388412062197657,-5.0522392763480966,,Not in the DMS,Not in the DMS
881,"['G465G', 'F487C']",2,1,non-synonymous,F4,-5.363822902402465,-4.508029052780582,,Not in the DMS,Not in the DMS
882,"['G465G', 'F487L']",2,1,non-synonymous,F4,-4.911290807477995,-4.253197418511442,,Not in the DMS,Not in the DMS
883,"['G465G', 'G466G']",2,0,synonymous,F4,-5.163142483551592,-4.8676279678013765,,Not in the DMS,Not in the DMS
884,"['G465G', 'G472G']",2,0,synonymous,F4,-4.97032655974364,-4.636960477077055,,Not in the DMS,Not in the DMS
885,"['G465G', 'G481G']",2,0,synonymous,F4,-5.395463563021835,-5.140284905875937,,Not in the DMS,Not in the DMS
886,"['G465G', 'G497G']",2,0,synonymous,F4,-5.339233742607274,-4.952451781281937,,Not in the DMS,Not in the DMS
887,"['G465G', 'H468Q']",2,1,non-synonymous,F4,-4.911290807477995,-4.651137427183479,,Not in the DMS,Not in the DMS
888,"['G465G', 'I471I']",2,0,synonymous,F4,-5.3038921830819055,-4.839254910211956,,Not in the DMS,Not in the DMS
889,"['G465G', 'I471M']",2,1,non-synonymous,F4,-5.395463563021835,-4.73060303166558,,Not in the DMS,Not in the DMS
890,"['G465G', 'I471R']",2,1,non-synonymous,F4,-5.395463563021835,-4.978552342609556,,Not in the DMS,Not in the DMS
891,"['G465G', 'L480L']",2,0,synonymous,F4,-5.339233742607274,-4.827513044673637,,Not in the DMS,Not in the DMS
892,"['G465G', 'L511I']",2,1,non-synonymous,F4,-5.388412062197657,-5.0522392763480966,,Not in the DMS,Not in the DMS
893,"['G465G', 'N490T']",2,1,non-synonymous,F4,-5.09272664736835,-4.853269272012078,,Not in the DMS,Not in the DMS
894,"['G465G', 'P501P']",2,0,synonymous,F4,-5.391937812609745,-4.84138522725652,,Not in the DMS,Not in the DMS
895,"['G465G', 'P512L']",2,1,non-synonymous,F4,-5.339233742607274,-4.600694282852125,,Not in the DMS,Not in the DMS
896,"['G465G', 'P512P']",2,0,synonymous,F4,-5.300366432669817,-5.128543040337618,,Not in the DMS,Not in the DMS
897,"['G465G', 'P512S']",2,1,non-synonymous,F4,-5.303892183081905,-4.805300778714465,,Not in the DMS,Not in the DMS
898,"['G465G', 'Q479K']",2,1,non-synonymous,F4,-5.363822902402465,-4.975935512358575,,Not in the DMS,Not in the DMS
899,"['G465G', 'R467S']",2,1,non-synonymous,F4,-5.271356555407621,-4.86412179331962,,Not in the DMS,Not in the DMS
900,"['G465G', 'R469R']",2,0,synonymous,F4,-5.388412062197657,-4.505417999053834,,Not in the DMS,Not in the DMS
901,"['G465G', 'T482A']",2,1,non-synonymous,F4,-5.395463563021835,-4.95216742284746,,Not in the DMS,Not in the DMS
902,"['G465G', 'T482P']",2,1,non-synonymous,F4,-5.388412062197657,-5.00493726237165,,Not in the DMS,Not in the DMS
903,"['G465G', 'T482T']",2,0,synonymous,F4,-5.388412062197657,-4.753197418511442,,Not in the DMS,Not in the DMS
904,"['G465G', 'T485T']",2,0,synonymous,F4,-5.339233742607274,-5.0522392763480966,,Not in the DMS,Not in the DMS
905,"['G465G', 'T513I']",2,1,non-synonymous,F4,-5.147249547793408,-5.016012648588803,,Not in the DMS,Not in the DMS
906,"['G465G', 'V478G']",2,1,non-synonymous,F4,-4.749309539121371,-4.853127092794839,,Not in the DMS,Not in the DMS
907,"['G465G', 'V509I']",2,1,non-synonymous,F4,-5.388412062197657,-4.498814257638912,,Not in the DMS,Not in the DMS
908,"['G465G', 'V509V']",2,0,synonymous,F4,-5.3038921830819055,-5.078482016892953,,Not in the DMS,Not in the DMS
909,"['G465G', 'Y477C']",2,1,non-synonymous,F4,-5.163142483551592,-5.066597972137396,,Not in the DMS,Not in the DMS
910,"['G465G', 'Y477D']",2,1,non-synonymous,F4,-5.2414228147777555,-4.554227414175423,,Not in the DMS,Not in the DMS
911,"['G465G', 'Y489D']",2,1,non-synonymous,F4,-5.2193723039661535,-5.140284905875937,,Not in the DMS,Not in the DMS
912,"['G465G', 'Y505*']",2,1,stop,F4,-4.7351995484223135,-3.947339589859544,,Not in the DMS,Not in the DMS
913,"['G472G', 'Y505*']",2,1,stop,F4,-5.094433567357854,-4.765710155690653,,Not in the DMS,Not in the DMS
914,"['H468H', 'Y505*']",2,1,stop,F4,-5.191257393758873,-4.756845772210436,,Not in the DMS,Not in the DMS
915,"['H468Q', 'Y505*']",2,2,stop,F4,-4.535754971214931,-5.154785780882475,,Not in the DMS,Not in the DMS
916,"['I389L', 'D421A']",2,2,non-synonymous,F4,-4.827758029790742,-4.602824599896689,,Not in the DMS,Not in the DMS
917,"['I389L', 'G465G']",2,1,non-synonymous,F4,-5.307417933493994,-5.00493726237165,,Not in the DMS,Not in the DMS
918,"['I389L', 'P397P']",2,1,non-synonymous,F4,-5.03279592804779,-5.154785780882475,,Not in the DMS,Not in the DMS
919,"['I389L', 'R414S']",2,2,non-synonymous,F4,-5.1208415575756305,-4.73060303166558,,Not in the DMS,Not in the DMS
920,"['I389L', 'Y415C']",2,2,non-synonymous,F4,-5.212320803141976,-4.975935512358575,,Not in the DMS,Not in the DMS
921,"['I389L', 'Y415S']",2,2,non-synonymous,F4,-5.147249547793408,-5.128543040337618,,Not in the DMS,Not in the DMS
922,"['K382N', 'R414S']",2,2,non-synonymous,F4,-4.990472053525619,-5.0522392763480966,,Not in the DMS,Not in the DMS
923,"['K398K', 'G465G']",2,0,synonymous,F4,-5.388412062197657,-5.066740151354634,,Not in the DMS,Not in the DMS
924,"['K451E', 'G465G']",2,1,non-synonymous,F4,-5.163142483551592,-5.154785780882475,,Not in the DMS,Not in the DMS
925,"['K454K', 'G465G']",2,0,synonymous,F4,-5.339233742607274,-4.87999852576335,,Not in the DMS,Not in the DMS
926,"['L376I', 'D421A']",2,2,non-synonymous,F4,-5.339233742607274,-5.140284905875937,,Not in the DMS,Not in the DMS
927,"['L403I', 'G465G']",2,1,non-synonymous,F4,-5.395463563021835,-5.152026771414256,,Not in the DMS,Not in the DMS
928,"['L461V', 'A516T']",2,2,non-synonymous,F4,-5.388412062197657,-4.717112969969386,,Not in the DMS,Not in the DMS
929,"['N418H', 'D421A']",2,2,non-synonymous,F4,-5.038203746943292,-4.756845772210436,,Not in the DMS,Not in the DMS
930,"['N418H', 'G465G']",2,1,non-synonymous,F4,-5.395463563021835,-5.052097097130858,,Not in the DMS,Not in the DMS
931,"['N440D', 'E514E']",2,1,non-synonymous,F4,-4.655100873527591,-3.956696564218451,,Not in the DMS,Not in the DMS
932,"['P375H', 'D421A']",2,2,non-synonymous,F4,-5.147249547793408,-4.016012648588802,,Not in the DMS,Not in the DMS
933,"['P375H', 'D421G']",2,2,non-synonymous,F4,-5.002862187417924,-4.95216742284746,,Not in the DMS,Not in the DMS
934,"['P375H', 'K398K']",2,1,non-synonymous,F4,-5.388412062197657,-5.066597972137396,,Not in the DMS,Not in the DMS
935,"['P375H', 'P397P']",2,1,non-synonymous,F4,-5.271356555407621,-5.066740151354634,,Not in the DMS,Not in the DMS
936,"['P375H', 'R414S']",2,2,non-synonymous,F4,-5.339233742607274,-4.253481776945918,,Not in the DMS,Not in the DMS
937,"['P375H', 'Y415F']",2,2,non-synonymous,F4,-5.388412062197657,-4.688739912379965,,Not in the DMS,Not in the DMS
938,"['P375H', 'Y415S']",2,2,non-synonymous,F4,-5.395463563021835,-5.152026771414256,,Not in the DMS,Not in the DMS
939,"['P375L', 'D421A']",2,2,non-synonymous,F4,-5.087382066533676,-3.986930212883355,,Not in the DMS,Not in the DMS
940,"['P375L', 'D421G']",2,2,non-synonymous,F4,-5.147249547793408,-5.040355231592539,,Not in the DMS,Not in the DMS
941,"['P375L', 'D421V']",2,2,non-synonymous,F4,-5.388412062197657,-4.4530567670782375,,Not in the DMS,Not in the DMS
942,"['P375L', 'R414S']",2,2,non-synonymous,F4,-5.094433567357854,-4.430578072787711,,Not in the DMS,Not in the DMS
943,"['P375P', 'D421A']",2,1,non-synonymous,F4,-5.216833654982564,-5.166527646420794,,Not in the DMS,Not in the DMS
944,"['P375S', 'G465G']",2,1,non-synonymous,F4,-5.388412062197657,-4.827513044673637,,Not in the DMS,Not in the DMS
945,"['P386T', 'D421V']",2,2,non-synonymous,F4,-5.212320803141976,-4.73060303166558,,Not in the DMS,Not in the DMS
946,"['P390P', 'L461V']",2,1,non-synonymous,F4,-5.2678308049955325,-5.140284905875937,,Not in the DMS,Not in the DMS
947,"['P390P', 'R414S']",2,1,non-synonymous,F4,-5.187731643346784,-5.078482016892953,,Not in the DMS,Not in the DMS
948,"['P397P', 'D421A']",2,1,non-synonymous,F4,-3.9484483955498626,-3.902124329505917,,Not in the DMS,Not in the DMS
949,"['P397P', 'D421G']",2,1,non-synonymous,F4,-3.4592451365288754,-5.128543040337618,,Not in the DMS,Not in the DMS
950,"['P397P', 'D421V']",2,1,non-synonymous,F4,-4.458993136483365,-4.95216742284746,,Not in the DMS,Not in the DMS
951,"['P397P', 'F449L']",2,1,non-synonymous,F4,-5.087382066533676,-4.927967019060962,,Not in the DMS,Not in the DMS
952,"['P397P', 'F449V']",2,1,non-synonymous,F4,-5.147249547793408,-4.728997014724944,,Not in the DMS,Not in the DMS
953,"['P397P', 'G399G', 'D421A']",3,1,non-synonymous,F4,-5.004681017840509,-4.614566465435008,,Not in the DMS,Not in the DMS
954,"['P397P', 'G399G', 'D421V']",3,1,non-synonymous,F4,-5.275777272874624,-5.166527646420794,,Not in the DMS,Not in the DMS
955,"['P397P', 'G399G', 'G465G']",3,0,synonymous,F4,-5.367348652814554,-5.052097097130858,,Not in the DMS,Not in the DMS
956,"['P397P', 'G399G', 'Y415F']",3,1,non-synonymous,F4,-5.303892183081905,-5.066597972137396,,Not in the DMS,Not in the DMS
957,"['P397P', 'G399G']",2,0,synonymous,F4,-4.452412079750912,-4.277938534435387,,Not in the DMS,Not in the DMS
958,"['P397P', 'G448D']",2,1,non-synonymous,F4,-5.3038921830819055,-4.500764608568726,,Not in the DMS,Not in the DMS
959,"['P397P', 'G464S']",2,1,non-synonymous,F4,-5.149851434837826,-4.776076163791779,,Not in the DMS,Not in the DMS
960,"['P397P', 'G465G']",2,0,synonymous,F4,-4.797764545625399,-4.95216742284746,,Not in the DMS,Not in the DMS
961,"['P397P', 'L461V']",2,1,non-synonymous,F4,-5.147249547793408,-4.927967019060962,,Not in the DMS,Not in the DMS
962,"['P397P', 'R414R']",2,0,synonymous,F4,-4.529270177635702,-4.927967019060962,,Not in the DMS,Not in the DMS
963,"['P397P', 'R414R']",3,0,synonymous,F4,-5.3038921830819055,-4.927967019060962,,Not in the DMS,Not in the DMS
964,"['P397P', 'R414S', 'D421A']",3,2,non-synonymous,F4,-5.147249547793408,-5.0522392763480966,,Not in the DMS,Not in the DMS
965,"['P397P', 'R414S']",2,1,non-synonymous,F4,-4.59887105311303,-4.666527646420793,,Not in the DMS,Not in the DMS
966,"['P397P', 'V509I']",2,1,non-synonymous,F4,-5.3038921830819055,-4.725633019460425,,Not in the DMS,Not in the DMS
967,"['P397P', 'Y415C']",2,1,non-synonymous,F4,-4.954407180913895,-5.00493726237165,,Not in the DMS,Not in the DMS
968,"['P397P', 'Y415S']",2,1,non-synonymous,F4,-4.2744687098908205,-4.952309602064698,,Not in the DMS,Not in the DMS
969,"['P397P', 'Y505*']",2,1,stop,F4,-3.971158288737727,-4.978552342609556,,Not in the DMS,Not in the DMS
970,"['P406P', 'G465G']",2,0,synonymous,F4,-5.147249547793408,-5.040355231592539,,Not in the DMS,Not in the DMS
971,"['P424T', 'G465G']",2,1,non-synonymous,F4,-5.216833654982564,-4.827513044673637,,Not in the DMS,Not in the DMS
972,"['R381S', 'D421A']",2,2,non-synonymous,F4,-5.388412062197657,-4.651421785617956,,Not in the DMS,Not in the DMS
973,"['R381S', 'R414S']",2,2,non-synonymous,F4,-5.395463563021835,-4.901724278516106,,Not in the DMS,Not in the DMS
974,"['R414R', 'A432V']",2,1,non-synonymous,F4,-5.212320803141976,-5.0522392763480966,,Not in the DMS,Not in the DMS
975,"['R414R', 'D421A', 'G465G']",3,1,non-synonymous,F4,-5.388412062197657,-4.850996775750275,,Not in the DMS,Not in the DMS
976,"['R414R', 'D421A']",2,1,non-synonymous,F4,-3.792526692603417,-4.089957454099917,,Not in the DMS,Not in the DMS
977,"['R414R', 'D421G']",2,1,non-synonymous,F4,-4.360540546990373,-4.779582338273536,,Not in the DMS,Not in the DMS
978,"['R414R', 'D421V']",2,1,non-synonymous,F4,-4.1551960156725,-4.753339597728679,,Not in the DMS,Not in the DMS
979,"['R414R', 'G448D']",2,1,non-synonymous,F4,-5.212320803141976,-4.500764608568726,,Not in the DMS,Not in the DMS
980,"['R414R', 'G465G']",2,0,synonymous,F4,-4.795165698256998,-4.5789685300993686,,Not in the DMS,Not in the DMS
981,"['R414R', 'H468Q']",2,1,non-synonymous,F4,-4.990472053525619,-5.0522392763480966,,Not in the DMS,Not in the DMS
982,"['R414R', 'L461V']",2,1,non-synonymous,F4,-5.094433567357854,-4.8642639725368575,,Not in the DMS,Not in the DMS
983,"['R414R', 'V509I']",2,1,non-synonymous,F4,-5.388412062197657,-4.387709916715984,,Not in the DMS,Not in the DMS
984,"['R414R', 'Y415C']",2,1,non-synonymous,F4,-5.1683786484785355,-4.60136076217329,,Not in the DMS,Not in the DMS
985,"['R414R', 'Y415F']",2,1,non-synonymous,F4,-4.614618291220189,-4.549966780086294,,Not in the DMS,Not in the DMS
986,"['R414R', 'Y415S']",2,1,non-synonymous,F4,-4.281520210714998,-4.668657963465358,,Not in the DMS,Not in the DMS
987,"['R414R', 'Y460*']",2,1,stop,F4,-5.395463563021835,-4.989769908043947,,Not in the DMS,Not in the DMS
988,"['R414R', 'Y505Y']",2,0,synonymous,F4,-5.388412062197657,-4.434928548935092,,Not in the DMS,Not in the DMS
989,"['R414S', 'A431T']",2,2,non-synonymous,F4,-5.125262275042634,-4.739991715249724,,Not in the DMS,Not in the DMS
990,"['R414S', 'A516T']",2,2,non-synonymous,F4,-5.388412062197657,-4.952451781281937,,Not in the DMS,Not in the DMS
991,"['R414S', 'D421A', 'G465G']",3,2,non-synonymous,F4,-5.2193723039661535,-5.140284905875937,,Not in the DMS,Not in the DMS
992,"['R414S', 'D421A']",2,2,non-synonymous,F4,-3.883160305402324,-3.972788905904152,,Not in the DMS,Not in the DMS
993,"['R414S', 'D421G']",2,2,non-synonymous,F4,-3.5943947095969118,-4.739991715249724,,Not in the DMS,Not in the DMS
994,"['R414S', 'D421V']",2,2,non-synonymous,F4,-4.069796294819713,-4.95216742284746,,Not in the DMS,Not in the DMS
995,"['R414S', 'F449L']",2,2,non-synonymous,F4,-5.388412062197657,-4.84138522725652,,Not in the DMS,Not in the DMS
996,"['R414S', 'F449V']",2,2,non-synonymous,F4,-5.339233742607274,-4.60136076217329,,Not in the DMS,Not in the DMS
997,"['R414S', 'F487C']",2,2,non-synonymous,F4,-5.275777272874624,-5.00493726237165,,Not in the DMS,Not in the DMS
998,"['R414S', 'G448D']",2,2,non-synonymous,F4,-5.215846553554065,-4.291199954697738,,Not in the DMS,Not in the DMS
999,"['R414S', 'G450E']",2,2,non-synonymous,F4,-4.990472053525619,-4.645831303841681,,Not in the DMS,Not in the DMS
1000,"['R414S', 'G464S']",2,2,non-synonymous,F4,-5.388412062197657,-4.482058517091312,,Not in the DMS,Not in the DMS
1001,"['R414S', 'G465G']",2,1,non-synonymous,F4,-4.820692625193212,-4.674905516694594,,Not in the DMS,Not in the DMS
1002,"['R414S', 'G466S']",2,2,non-synonymous,F4,-5.339233742607274,-4.828179523994803,,Not in the DMS,Not in the DMS
1003,"['R414S', 'H468H']",2,1,non-synonymous,F4,-5.339233742607274,-5.0522392763480966,,Not in the DMS,Not in the DMS
1004,"['R414S', 'K454N']",2,2,non-synonymous,F4,-5.339233742607274,-4.509768475201216,,Not in the DMS,Not in the DMS
1005,"['R414S', 'L461V']",2,2,non-synonymous,F4,-4.990472053525619,-4.247624866838288,,Not in the DMS,Not in the DMS
1006,"['R414S', 'P424T']",2,2,non-synonymous,F4,-5.2432416452003405,-5.154785780882475,,Not in the DMS,Not in the DMS
1007,"['R414S', 'P512L']",2,2,non-synonymous,F4,-5.094433567357854,-4.95216742284746,,Not in the DMS,Not in the DMS
1008,"['R414S', 'V445L']",2,2,non-synonymous,F4,-5.339233742607274,-4.927967019060962,,Not in the DMS,Not in the DMS
1009,"['R414S', 'V478V']",2,1,non-synonymous,F4,-5.388412062197657,-4.49531630600969,,Not in the DMS,Not in the DMS
1010,"['R414S', 'Y415C', 'D421A']",3,3,non-synonymous,F4,-5.2193723039661535,-4.989769908043947,,Not in the DMS,Not in the DMS
1011,"['R414S', 'Y415C', 'G465G']",3,2,non-synonymous,F4,-5.395463563021835,-4.964051467603017,,Not in the DMS,Not in the DMS
1012,"['R414S', 'Y415C']",2,2,non-synonymous,F4,-4.9262922707066155,-4.009626295983978,,Not in the DMS,Not in the DMS
1013,"['R414S', 'Y415F']",2,2,non-synonymous,F4,-4.458993136483365,-4.5789685300993686,,Not in the DMS,Not in the DMS
1014,"['R414S', 'Y415S', 'D421A']",3,3,non-synonymous,F4,-4.673717281546662,-5.140284905875937,,Not in the DMS,Not in the DMS
1015,"['R414S', 'Y415S']",2,2,non-synonymous,F4,-4.402639189957408,-4.677522346945574,,Not in the DMS,Not in the DMS
1016,"['S378N', 'G465G']",2,1,non-synonymous,F4,-5.212320803141976,-5.040355231592539,,Not in the DMS,Not in the DMS
1017,"['S405S', 'G465G']",2,0,synonymous,F4,-5.391937812609745,-4.817042644252784,,Not in the DMS,Not in the DMS
1018,"['S441Y', 'K499E']",2,2,non-synonymous,F4,-4.094433567357854,-3.550239885897023,,Not in the DMS,Not in the DMS
1019,"['S458*', 'G465G']",2,1,stop,F4,-5.388412062197657,-5.128543040337618,,Not in the DMS,Not in the DMS
1020,"['T392T', 'G465G']",2,0,synonymous,F4,-5.395463563021835,-4.839921389533122,,Not in the DMS,Not in the DMS
1021,"['T411M', 'D421A']",2,2,non-synonymous,F4,-4.7351995484223135,-4.916225153522643,,Not in the DMS,Not in the DMS
1022,"['T411M', 'G465G']",2,1,non-synonymous,F4,-5.395463563021835,-4.526483049009656,,Not in the DMS,Not in the DMS
1023,"['T411P', 'D421A']",2,2,non-synonymous,F4,-5.212320803141976,-5.078482016892953,,Not in the DMS,Not in the DMS
1024,"['T411P', 'Y415S']",2,2,non-synonymous,F4,-5.2193723039661535,-4.739325235928558,,Not in the DMS,Not in the DMS
1025,"['T411T', 'G465G']",2,0,synonymous,F4,-5.339233742607274,-5.166527646420794,,Not in the DMS,Not in the DMS
1026,"['V396V', 'A431T']",2,1,non-synonymous,F4,-5.388412062197657,-4.955815776546455,,Not in the DMS,Not in the DMS
1027,"['V396V', 'D421A']",2,1,non-synonymous,F4,-4.409814816892981,-4.725490840243186,,Not in the DMS,Not in the DMS
1028,"['V396V', 'D421V']",2,1,non-synonymous,F4,-5.163142483551592,-4.801794604232708,,Not in the DMS,Not in the DMS
1029,"['V396V', 'G448D']",2,1,non-synonymous,F4,-5.388412062197657,-4.95216742284746,,Not in the DMS,Not in the DMS
1030,"['V396V', 'G465G']",2,0,synonymous,F4,-4.862112487887611,-4.306928731399999,,Not in the DMS,Not in the DMS
1031,"['V396V', 'P397P']",2,0,synonymous,F4,-4.377837264202587,-4.828037344777565,,Not in the DMS,Not in the DMS
1032,"['V396V', 'R414R']",2,0,synonymous,F4,-4.742254543771843,-4.978694521826793,,Not in the DMS,Not in the DMS
1033,"['V396V', 'R414S']",2,1,non-synonymous,F4,-4.749309539121371,-4.574975842411195,,Not in the DMS,Not in the DMS
1034,"['V396V', 'Y415C']",2,1,non-synonymous,F4,-5.212320803141976,-4.7039072667076685,,Not in the DMS,Not in the DMS
1035,"['V396V', 'Y415F']",2,1,non-synonymous,F4,-5.147249547793408,-5.00493726237165,,Not in the DMS,Not in the DMS
1036,"['V396V', 'Y415S']",2,1,non-synonymous,F4,-4.846219552129427,-5.040355231592539,,Not in the DMS,Not in the DMS
1037,"['V404I', 'D421A']",2,2,non-synonymous,F4,-5.2793030232867135,-4.989769908043947,,Not in the DMS,Not in the DMS
1038,"['W427L', 'L461V']",2,2,non-synonymous,F4,-5.395463563021835,-5.052097097130858,,Not in the DMS,Not in the DMS
1039,"['Y415C', 'D421A']",2,2,non-synonymous,F4,-4.49408636830554,-4.410585965931356,,Not in the DMS,Not in the DMS
1040,"['Y415C', 'D421G']",2,2,non-synonymous,F4,-4.291696651704369,-4.952451781281937,,Not in the DMS,Not in the DMS
1041,"['Y415C', 'D421V']",2,2,non-synonymous,F4,-4.956226011336481,-4.73060303166558,,Not in the DMS,Not in the DMS
1042,"['Y415C', 'G465G']",2,1,non-synonymous,F4,-5.388412062197657,-4.607958727063981,,Not in the DMS,Not in the DMS
1043,"['Y415F', 'A431T']",2,2,non-synonymous,F4,-4.990472053525619,-5.152026771414256,,Not in the DMS,Not in the DMS
1044,"['Y415F', 'D421A', 'G465G']",3,2,non-synonymous,F4,-5.251188113079433,-5.140284905875937,,Not in the DMS,Not in the DMS
1045,"['Y415F', 'D421A']",2,2,non-synonymous,F4,-3.9696620845366324,-4.294563949962258,,Not in the DMS,Not in the DMS
1046,"['Y415F', 'D421G']",2,2,non-synonymous,F4,-3.4667859200920867,-4.9160829743054055,,Not in the DMS,Not in the DMS
1047,"['Y415F', 'D421V', 'G465G']",3,2,non-synonymous,F4,-5.367348652814554,-5.078482016892953,,Not in the DMS,Not in the DMS
1048,"['Y415F', 'D421V']",2,2,non-synonymous,F4,-4.272237618689184,-4.224030449522819,,Not in the DMS,Not in the DMS
1049,"['Y415F', 'G465G']",2,1,non-synonymous,F4,-4.553154187789398,-4.512648653324284,,Not in the DMS,Not in the DMS
1050,"['Y415F', 'H468H']",2,1,non-synonymous,F4,-5.2193723039661535,-5.152026771414256,,Not in the DMS,Not in the DMS
1051,"['Y415F', 'H468Q']",2,2,non-synonymous,F4,-4.941293733935236,-5.0522392763480966,,Not in the DMS,Not in the DMS
1052,"['Y415F', 'L461V']",2,2,non-synonymous,F4,-5.388412062197657,-4.538224914547975,,Not in the DMS,Not in the DMS
1053,"['Y415F', 'Y505*']",2,2,stop,F4,-4.296826778484376,-5.154785780882475,,Not in the DMS,Not in the DMS
1054,"['Y415S', 'D421A']",2,2,non-synonymous,F4,-3.4796845893804385,-4.226160766567384,,Not in the DMS,Not in the DMS
1055,"['Y415S', 'D421G']",2,2,non-synonymous,F4,-3.4400644003900815,-4.853269272012078,,Not in the DMS,Not in the DMS
1056,"['Y415S', 'D421V', 'G465G']",3,2,non-synonymous,F4,-5.128788025454723,-5.154785780882475,,Not in the DMS,Not in the DMS
1057,"['Y415S', 'D421V']",2,2,non-synonymous,F4,-4.2009535062331755,-4.739991715249724,,Not in the DMS,Not in the DMS
1058,"['Y415S', 'F449Y']",2,2,non-synonymous,F4,-5.395463563021835,-5.154785780882475,,Not in the DMS,Not in the DMS
1059,"['Y415S', 'G448D']",2,2,non-synonymous,F4,-5.212320803141976,-4.768321209417401,,Not in the DMS,Not in the DMS
1060,"['Y415S', 'G465G']",2,1,non-synonymous,F4,-4.8162858114995615,-4.554227414175423,,Not in the DMS,Not in the DMS
1061,"['Y415S', 'H468Q']",2,2,non-synonymous,F4,-5.153377185249915,-5.0522392763480966,,Not in the DMS,Not in the DMS
1062,"['Y415S', 'L461V']",2,2,non-synonymous,F4,-4.907751153292555,-4.73060303166558,,Not in the DMS,Not in the DMS
1063,"['Y447Y', 'G465G']",2,0,synonymous,F4,-5.388412062197657,-4.827513044673637,,Not in the DMS,Not in the DMS
1064,"['Y460*', 'G465G']",2,1,stop,F4,-5.303892183081905,-4.596216861525662,,Not in the DMS,Not in the DMS
1065,"['Y460*', 'H468Q']",2,2,stop,F4,-5.339233742607274,-4.975935512358575,,Not in the DMS,Not in the DMS
